date,index
1/1/2011,0.659457357
1/2/2011,0.638184539
1/3/2011,0.616911721
1/4/2011,0.595638903
1/5/2011,0.574366085
1/6/2011,0.553093267
1/7/2011,0.531820449
1/8/2011,0.510547631
1/9/2011,0.489274813
1/10/2011,0.468001995
1/11/2011,0.446729177
1/12/2011,0.425456359
1/13/2011,0.404183541
1/14/2011,0.382910723
1/15/2011,0.361637905
1/16/2011,0.340365088
1/17/2011,0.31909227
1/18/2011,0.297819452
1/19/2011,0.276546634
1/20/2011,0.255273816
1/21/2011,0.234000998
1/22/2011,0.21272818
1/23/2011,0.191455362
1/24/2011,0.170182544
1/25/2011,0.148909726
1/26/2011,0.127636908
1/27/2011,0.10636409
1/28/2011,0.085091272
1/29/2011,0.063818454
1/30/2011,0.042545636
1/31/2011,0.021272818
2/1/2011,0
2/2/2011,0.023093139
2/3/2011,0.046186278
2/4/2011,0.069279417
2/5/2011,0.092372556
2/6/2011,0.115465695
2/7/2011,0.138558834
2/8/2011,0.161651973
2/9/2011,0.184745112
2/10/2011,0.207838251
2/11/2011,0.23093139
2/12/2011,0.254024529
2/13/2011,0.277117668
2/14/2011,0.300210807
2/15/2011,0.323303946
2/16/2011,0.346397085
2/17/2011,0.369490224
2/18/2011,0.392583363
2/19/2011,0.415676502
2/20/2011,0.438769641
2/21/2011,0.46186278
2/22/2011,0.484955919
2/23/2011,0.508049058
2/24/2011,0.531142197
2/25/2011,0.554235336
2/26/2011,0.577328475
2/27/2011,0.600421614
2/28/2011,0.623514753
3/1/2011,0.646607892
3/2/2011,0.632437521
3/3/2011,0.61826715
3/4/2011,0.604096779
3/5/2011,0.589926408
3/6/2011,0.575756037
3/7/2011,0.561585665
3/8/2011,0.547415294
3/9/2011,0.533244923
3/10/2011,0.519074552
3/11/2011,0.504904181
3/12/2011,0.49073381
3/13/2011,0.476563439
3/14/2011,0.462393068
3/15/2011,0.448222696
3/16/2011,0.434052325
3/17/2011,0.419881954
3/18/2011,0.405711583
3/19/2011,0.391541212
3/20/2011,0.377370841
3/21/2011,0.36320047
3/22/2011,0.349030099
3/23/2011,0.334859727
3/24/2011,0.320689356
3/25/2011,0.306518985
3/26/2011,0.292348614
3/27/2011,0.278178243
3/28/2011,0.264007872
3/29/2011,0.249837501
3/30/2011,0.23566713
3/31/2011,0.221496758
4/1/2011,0.207326387
4/2/2011,0.211198906
4/3/2011,0.215071425
4/4/2011,0.218943944
4/5/2011,0.222816463
4/6/2011,0.226688982
4/7/2011,0.230561501
4/8/2011,0.23443402
4/9/2011,0.238306539
4/10/2011,0.242179058
4/11/2011,0.246051577
4/12/2011,0.249924096
4/13/2011,0.253796615
4/14/2011,0.257669134
4/15/2011,0.261541653
4/16/2011,0.265414172
4/17/2011,0.269286691
4/18/2011,0.27315921
4/19/2011,0.277031729
4/20/2011,0.280904248
4/21/2011,0.284776767
4/22/2011,0.288649286
4/23/2011,0.292521805
4/24/2011,0.296394324
4/25/2011,0.300266843
4/26/2011,0.304139362
4/27/2011,0.308011881
4/28/2011,0.3118844
4/29/2011,0.315756919
4/30/2011,0.319629438
5/1/2011,0.323501957
5/2/2011,0.323187832
5/3/2011,0.322873707
5/4/2011,0.322559582
5/5/2011,0.322245457
5/6/2011,0.321931332
5/7/2011,0.321617207
5/8/2011,0.321303082
5/9/2011,0.320988957
5/10/2011,0.320674832
5/11/2011,0.320360708
5/12/2011,0.320046583
5/13/2011,0.319732458
5/14/2011,0.319418333
5/15/2011,0.319104208
5/16/2011,0.318790083
5/17/2011,0.318475958
5/18/2011,0.318161833
5/19/2011,0.317847708
5/20/2011,0.317533583
5/21/2011,0.317219459
5/22/2011,0.316905334
5/23/2011,0.316591209
5/24/2011,0.316277084
5/25/2011,0.315962959
5/26/2011,0.315648834
5/27/2011,0.315334709
5/28/2011,0.315020584
5/29/2011,0.314706459
5/30/2011,0.314392334
5/31/2011,0.31407821
6/1/2011,0.313764085
6/2/2011,0.317980372
6/3/2011,0.322196659
6/4/2011,0.326412946
6/5/2011,0.330629233
6/6/2011,0.33484552
6/7/2011,0.339061808
6/8/2011,0.343278095
6/9/2011,0.347494382
6/10/2011,0.351710669
6/11/2011,0.355926956
6/12/2011,0.360143243
6/13/2011,0.36435953
6/14/2011,0.368575818
6/15/2011,0.372792105
6/16/2011,0.377008392
6/17/2011,0.381224679
6/18/2011,0.385440966
6/19/2011,0.389657253
6/20/2011,0.39387354
6/21/2011,0.398089828
6/22/2011,0.402306115
6/23/2011,0.406522402
6/24/2011,0.410738689
6/25/2011,0.414954976
6/26/2011,0.419171263
6/27/2011,0.42338755
6/28/2011,0.427603838
6/29/2011,0.431820125
6/30/2011,0.436036412
7/1/2011,0.440252699
7/2/2011,0.446152103
7/3/2011,0.452051507
7/4/2011,0.457950911
7/5/2011,0.463850315
7/6/2011,0.469749719
7/7/2011,0.475649123
7/8/2011,0.481548527
7/9/2011,0.487447931
7/10/2011,0.493347335
7/11/2011,0.499246739
7/12/2011,0.505146143
7/13/2011,0.511045547
7/14/2011,0.516944951
7/15/2011,0.522844355
7/16/2011,0.528743759
7/17/2011,0.534643163
7/18/2011,0.540542567
7/19/2011,0.546441971
7/20/2011,0.552341375
7/21/2011,0.558240779
7/22/2011,0.564140183
7/23/2011,0.570039587
7/24/2011,0.575938991
7/25/2011,0.581838395
7/26/2011,0.587737799
7/27/2011,0.593637203
7/28/2011,0.599536607
7/29/2011,0.605436011
7/30/2011,0.611335415
7/31/2011,0.617234819
8/1/2011,0.623134223
8/2/2011,0.610878181
8/3/2011,0.598622139
8/4/2011,0.586366097
8/5/2011,0.574110055
8/6/2011,0.561854014
8/7/2011,0.549597972
8/8/2011,0.53734193
8/9/2011,0.525085888
8/10/2011,0.512829846
8/11/2011,0.500573805
8/12/2011,0.488317763
8/13/2011,0.476061721
8/14/2011,0.463805679
8/15/2011,0.451549637
8/16/2011,0.439293595
8/17/2011,0.427037554
8/18/2011,0.414781512
8/19/2011,0.40252547
8/20/2011,0.390269428
8/21/2011,0.378013386
8/22/2011,0.365757344
8/23/2011,0.353501303
8/24/2011,0.341245261
8/25/2011,0.328989219
8/26/2011,0.316733177
8/27/2011,0.304477135
8/28/2011,0.292221093
8/29/2011,0.279965052
8/30/2011,0.26770901
8/31/2011,0.255452968
9/1/2011,0.243196926
9/2/2011,0.250291594
9/3/2011,0.257386262
9/4/2011,0.26448093
9/5/2011,0.271575598
9/6/2011,0.278670265
9/7/2011,0.285764933
9/8/2011,0.292859601
9/9/2011,0.299954269
9/10/2011,0.307048937
9/11/2011,0.314143605
9/12/2011,0.321238273
9/13/2011,0.32833294
9/14/2011,0.335427608
9/15/2011,0.342522276
9/16/2011,0.349616944
9/17/2011,0.356711612
9/18/2011,0.36380628
9/19/2011,0.370900948
9/20/2011,0.377995615
9/21/2011,0.385090283
9/22/2011,0.392184951
9/23/2011,0.399279619
9/24/2011,0.406374287
9/25/2011,0.413468955
9/26/2011,0.420563623
9/27/2011,0.427658291
9/28/2011,0.434752958
9/29/2011,0.441847626
9/30/2011,0.448942294
10/1/2011,0.456036962
10/2/2011,0.457824987
10/3/2011,0.459613013
10/4/2011,0.461401038
10/5/2011,0.463189063
10/6/2011,0.464977089
10/7/2011,0.466765114
10/8/2011,0.46855314
10/9/2011,0.470341165
10/10/2011,0.47212919
10/11/2011,0.473917216
10/12/2011,0.475705241
10/13/2011,0.477493267
10/14/2011,0.479281292
10/15/2011,0.481069317
10/16/2011,0.482857343
10/17/2011,0.484645368
10/18/2011,0.486433394
10/19/2011,0.488221419
10/20/2011,0.490009444
10/21/2011,0.49179747
10/22/2011,0.493585495
10/23/2011,0.49537352
10/24/2011,0.497161546
10/25/2011,0.498949571
10/26/2011,0.500737597
10/27/2011,0.502525622
10/28/2011,0.504313647
10/29/2011,0.506101673
10/30/2011,0.507889698
10/31/2011,0.509677724
11/1/2011,0.511465749
11/2/2011,0.510712366
11/3/2011,0.509958984
11/4/2011,0.509205601
11/5/2011,0.508452218
11/6/2011,0.507698836
11/7/2011,0.506945453
11/8/2011,0.50619207
11/9/2011,0.505438687
11/10/2011,0.504685305
11/11/2011,0.503931922
11/12/2011,0.503178539
11/13/2011,0.502425157
11/14/2011,0.501671774
11/15/2011,0.500918391
11/16/2011,0.500165009
11/17/2011,0.499411626
11/18/2011,0.498658243
11/19/2011,0.497904861
11/20/2011,0.497151478
11/21/2011,0.496398095
11/22/2011,0.495644713
11/23/2011,0.49489133
11/24/2011,0.494137947
11/25/2011,0.493384565
11/26/2011,0.492631182
11/27/2011,0.491877799
11/28/2011,0.491124417
11/29/2011,0.490371034
11/30/2011,0.489617651
12/1/2011,0.488864269
12/2/2011,0.493562683
12/3/2011,0.498261097
12/4/2011,0.502959511
12/5/2011,0.507657926
12/6/2011,0.51235634
12/7/2011,0.517054754
12/8/2011,0.521753168
12/9/2011,0.526451582
12/10/2011,0.531149997
12/11/2011,0.535848411
12/12/2011,0.540546825
12/13/2011,0.545245239
12/14/2011,0.549943654
12/15/2011,0.554642068
12/16/2011,0.559340482
12/17/2011,0.564038896
12/18/2011,0.568737311
12/19/2011,0.573435725
12/20/2011,0.578134139
12/21/2011,0.582832553
12/22/2011,0.587530968
12/23/2011,0.592229382
12/24/2011,0.596927796
12/25/2011,0.60162621
12/26/2011,0.606324625
12/27/2011,0.611023039
12/28/2011,0.615721453
12/29/2011,0.620419867
12/30/2011,0.625118282
12/31/2011,0.629816696
1/1/2012,0.63451511
1/2/2012,0.623861934
1/3/2012,0.613208758
1/4/2012,0.602555582
1/5/2012,0.591902406
1/6/2012,0.58124923
1/7/2012,0.570596054
1/8/2012,0.559942878
1/9/2012,0.549289702
1/10/2012,0.538636526
1/11/2012,0.52798335
1/12/2012,0.517330174
1/13/2012,0.506676998
1/14/2012,0.496023822
1/15/2012,0.485370646
1/16/2012,0.47471747
1/17/2012,0.464064294
1/18/2012,0.453411118
1/19/2012,0.442757942
1/20/2012,0.432104766
1/21/2012,0.42145159
1/22/2012,0.410798414
1/23/2012,0.400145238
1/24/2012,0.389492062
1/25/2012,0.378838886
1/26/2012,0.36818571
1/27/2012,0.357532534
1/28/2012,0.346879358
1/29/2012,0.336226182
1/30/2012,0.325573006
1/31/2012,0.31491983
2/1/2012,0.304266654
2/2/2012,0.306620914
2/3/2012,0.308975174
2/4/2012,0.311329434
2/5/2012,0.313683694
2/6/2012,0.316037954
2/7/2012,0.318392214
2/8/2012,0.320746473
2/9/2012,0.323100733
2/10/2012,0.325454993
2/11/2012,0.327809253
2/12/2012,0.330163513
2/13/2012,0.332517773
2/14/2012,0.334872033
2/15/2012,0.337226293
2/16/2012,0.339580553
2/17/2012,0.341934813
2/18/2012,0.344289073
2/19/2012,0.346643332
2/20/2012,0.348997592
2/21/2012,0.351351852
2/22/2012,0.353706112
2/23/2012,0.356060372
2/24/2012,0.358414632
2/25/2012,0.360768892
2/26/2012,0.363123152
2/27/2012,0.365477412
2/28/2012,0.367831672
2/29/2012,0.370185932
3/1/2012,0.372540191
3/2/2012,0.366113748
3/3/2012,0.359687305
3/4/2012,0.353260861
3/5/2012,0.346834418
3/6/2012,0.340407975
3/7/2012,0.333981531
3/8/2012,0.327555088
3/9/2012,0.321128644
3/10/2012,0.314702201
3/11/2012,0.308275758
3/12/2012,0.301849314
3/13/2012,0.295422871
3/14/2012,0.288996428
3/15/2012,0.282569984
3/16/2012,0.276143541
3/17/2012,0.269717097
3/18/2012,0.263290654
3/19/2012,0.256864211
3/20/2012,0.250437767
3/21/2012,0.244011324
3/22/2012,0.237584881
3/23/2012,0.231158437
3/24/2012,0.224731994
3/25/2012,0.218305551
3/26/2012,0.211879107
3/27/2012,0.205452664
3/28/2012,0.19902622
3/29/2012,0.192599777
3/30/2012,0.186173334
3/31/2012,0.17974689
4/1/2012,0.173320447
4/2/2012,0.183357613
4/3/2012,0.193394779
4/4/2012,0.203431946
4/5/2012,0.213469112
4/6/2012,0.223506278
4/7/2012,0.233543444
4/8/2012,0.243580611
4/9/2012,0.253617777
4/10/2012,0.263654943
4/11/2012,0.273692109
4/12/2012,0.283729276
4/13/2012,0.293766442
4/14/2012,0.303803608
4/15/2012,0.313840774
4/16/2012,0.323877941
4/17/2012,0.333915107
4/18/2012,0.343952273
4/19/2012,0.353989439
4/20/2012,0.364026606
4/21/2012,0.374063772
4/22/2012,0.384100938
4/23/2012,0.394138104
4/24/2012,0.404175271
4/25/2012,0.414212437
4/26/2012,0.424249603
4/27/2012,0.434286769
4/28/2012,0.444323936
4/29/2012,0.454361102
4/30/2012,0.464398268
5/1/2012,0.474435434
5/2/2012,0.469737172
5/3/2012,0.46503891
5/4/2012,0.460340648
5/5/2012,0.455642386
5/6/2012,0.450944124
5/7/2012,0.446245861
5/8/2012,0.441547599
5/9/2012,0.436849337
5/10/2012,0.432151075
5/11/2012,0.427452813
5/12/2012,0.422754551
5/13/2012,0.418056289
5/14/2012,0.413358026
5/15/2012,0.408659764
5/16/2012,0.403961502
5/17/2012,0.39926324
5/18/2012,0.394564978
5/19/2012,0.389866716
5/20/2012,0.385168453
5/21/2012,0.380470191
5/22/2012,0.375771929
5/23/2012,0.371073667
5/24/2012,0.366375405
5/25/2012,0.361677143
5/26/2012,0.35697888
5/27/2012,0.352280618
5/28/2012,0.347582356
5/29/2012,0.342884094
5/30/2012,0.338185832
5/31/2012,0.33348757
6/1/2012,0.328789307
6/2/2012,0.333906699
6/3/2012,0.339024091
6/4/2012,0.344141483
6/5/2012,0.349258875
6/6/2012,0.354376267
6/7/2012,0.359493659
6/8/2012,0.364611051
6/9/2012,0.369728443
6/10/2012,0.374845835
6/11/2012,0.379963227
6/12/2012,0.385080619
6/13/2012,0.39019801
6/14/2012,0.395315402
6/15/2012,0.400432794
6/16/2012,0.405550186
6/17/2012,0.410667578
6/18/2012,0.41578497
6/19/2012,0.420902362
6/20/2012,0.426019754
6/21/2012,0.431137146
6/22/2012,0.436254538
6/23/2012,0.44137193
6/24/2012,0.446489322
6/25/2012,0.451606713
6/26/2012,0.456724105
6/27/2012,0.461841497
6/28/2012,0.466958889
6/29/2012,0.472076281
6/30/2012,0.477193673
7/1/2012,0.482311065
7/2/2012,0.484823076
7/3/2012,0.487335086
7/4/2012,0.489847097
7/5/2012,0.492359108
7/6/2012,0.494871118
7/7/2012,0.497383129
7/8/2012,0.49989514
7/9/2012,0.50240715
7/10/2012,0.504919161
7/11/2012,0.507431172
7/12/2012,0.509943182
7/13/2012,0.512455193
7/14/2012,0.514967204
7/15/2012,0.517479214
7/16/2012,0.519991225
7/17/2012,0.522503236
7/18/2012,0.525015246
7/19/2012,0.527527257
7/20/2012,0.530039268
7/21/2012,0.532551278
7/22/2012,0.535063289
7/23/2012,0.537575299
7/24/2012,0.54008731
7/25/2012,0.542599321
7/26/2012,0.545111331
7/27/2012,0.547623342
7/28/2012,0.550135353
7/29/2012,0.552647363
7/30/2012,0.555159374
7/31/2012,0.557671385
8/1/2012,0.560183395
8/2/2012,0.546993495
8/3/2012,0.533803596
8/4/2012,0.520613696
8/5/2012,0.507423796
8/6/2012,0.494233896
8/7/2012,0.481043996
8/8/2012,0.467854096
8/9/2012,0.454664196
8/10/2012,0.441474296
8/11/2012,0.428284396
8/12/2012,0.415094496
8/13/2012,0.401904596
8/14/2012,0.388714696
8/15/2012,0.375524796
8/16/2012,0.362334896
8/17/2012,0.349144996
8/18/2012,0.335955096
8/19/2012,0.322765196
8/20/2012,0.309575296
8/21/2012,0.296385396
8/22/2012,0.283195497
8/23/2012,0.270005597
8/24/2012,0.256815697
8/25/2012,0.243625797
8/26/2012,0.230435897
8/27/2012,0.217245997
8/28/2012,0.204056097
8/29/2012,0.190866197
8/30/2012,0.177676297
8/31/2012,0.164486397
9/1/2012,0.151296497
9/2/2012,0.164000204
9/3/2012,0.176703911
9/4/2012,0.189407619
9/5/2012,0.202111326
9/6/2012,0.214815033
9/7/2012,0.22751874
9/8/2012,0.240222447
9/9/2012,0.252926155
9/10/2012,0.265629862
9/11/2012,0.278333569
9/12/2012,0.291037276
9/13/2012,0.303740983
9/14/2012,0.316444691
9/15/2012,0.329148398
9/16/2012,0.341852105
9/17/2012,0.354555812
9/18/2012,0.367259519
9/19/2012,0.379963227
9/20/2012,0.392666934
9/21/2012,0.405370641
9/22/2012,0.418074348
9/23/2012,0.430778055
9/24/2012,0.443481763
9/25/2012,0.45618547
9/26/2012,0.468889177
9/27/2012,0.481592884
9/28/2012,0.494296591
9/29/2012,0.507000299
9/30/2012,0.519704006
10/1/2012,0.532407713
10/2/2012,0.53019728
10/3/2012,0.527986848
10/4/2012,0.525776415
10/5/2012,0.523565983
10/6/2012,0.52135555
10/7/2012,0.519145118
10/8/2012,0.516934685
10/9/2012,0.514724253
10/10/2012,0.51251382
10/11/2012,0.510303388
10/12/2012,0.508092955
10/13/2012,0.505882523
10/14/2012,0.50367209
10/15/2012,0.501461658
10/16/2012,0.499251225
10/17/2012,0.497040793
10/18/2012,0.49483036
10/19/2012,0.492619928
10/20/2012,0.490409495
10/21/2012,0.488199063
10/22/2012,0.48598863
10/23/2012,0.483778198
10/24/2012,0.481567765
10/25/2012,0.479357333
10/26/2012,0.4771469
10/27/2012,0.474936468
10/28/2012,0.472726035
10/29/2012,0.470515603
10/30/2012,0.46830517
10/31/2012,0.466094738
11/1/2012,0.463884305
11/2/2012,0.468850911
11/3/2012,0.473817516
11/4/2012,0.478784121
11/5/2012,0.483750727
11/6/2012,0.488717332
11/7/2012,0.493683938
11/8/2012,0.498650543
11/9/2012,0.503617148
11/10/2012,0.508583754
11/11/2012,0.513550359
11/12/2012,0.518516964
11/13/2012,0.52348357
11/14/2012,0.528450175
11/15/2012,0.533416781
11/16/2012,0.538383386
11/17/2012,0.543349991
11/18/2012,0.548316597
11/19/2012,0.553283202
11/20/2012,0.558249807
11/21/2012,0.563216413
11/22/2012,0.568183018
11/23/2012,0.573149624
11/24/2012,0.578116229
11/25/2012,0.583082834
11/26/2012,0.58804944
11/27/2012,0.593016045
11/28/2012,0.597982651
11/29/2012,0.602949256
11/30/2012,0.607915861
12/1/2012,0.612882467
12/2/2012,0.617005784
12/3/2012,0.621129101
12/4/2012,0.625252418
12/5/2012,0.629375735
12/6/2012,0.633499052
12/7/2012,0.637622369
12/8/2012,0.641745686
12/9/2012,0.645869003
12/10/2012,0.64999232
12/11/2012,0.654115637
12/12/2012,0.658238954
12/13/2012,0.662362271
12/14/2012,0.666485588
12/15/2012,0.670608905
12/16/2012,0.674732222
12/17/2012,0.678855539
12/18/2012,0.682978856
12/19/2012,0.687102173
12/20/2012,0.69122549
12/21/2012,0.695348807
12/22/2012,0.699472124
12/23/2012,0.703595441
12/24/2012,0.707718758
12/25/2012,0.711842075
12/26/2012,0.715965392
12/27/2012,0.720088709
12/28/2012,0.724212026
12/29/2012,0.728335343
12/30/2012,0.73245866
12/31/2012,0.736581977
1/1/2013,0.740705294
1/2/2013,0.721322549
1/3/2013,0.701939803
1/4/2013,0.682557057
1/5/2013,0.663174312
1/6/2013,0.643791566
1/7/2013,0.62440882
1/8/2013,0.605026074
1/9/2013,0.585643329
1/10/2013,0.566260583
1/11/2013,0.546877837
1/12/2013,0.527495092
1/13/2013,0.508112346
1/14/2013,0.4887296
1/15/2013,0.469346854
1/16/2013,0.449964109
1/17/2013,0.430581363
1/18/2013,0.411198617
1/19/2013,0.391815872
1/20/2013,0.372433126
1/21/2013,0.35305038
1/22/2013,0.333667634
1/23/2013,0.314284889
1/24/2013,0.294902143
1/25/2013,0.275519397
1/26/2013,0.256136652
1/27/2013,0.236753906
1/28/2013,0.21737116
1/29/2013,0.197988414
1/30/2013,0.178605669
1/31/2013,0.159222923
2/1/2013,0.139840177
2/2/2013,0.151316281
2/3/2013,0.162792385
2/4/2013,0.174268489
2/5/2013,0.185744593
2/6/2013,0.197220697
2/7/2013,0.208696802
2/8/2013,0.220172906
2/9/2013,0.23164901
2/10/2013,0.243125114
2/11/2013,0.254601218
2/12/2013,0.266077322
2/13/2013,0.277553426
2/14/2013,0.28902953
2/15/2013,0.300505634
2/16/2013,0.311981738
2/17/2013,0.323457842
2/18/2013,0.334933946
2/19/2013,0.34641005
2/20/2013,0.357886154
2/21/2013,0.369362258
2/22/2013,0.380838362
2/23/2013,0.392314466
2/24/2013,0.40379057
2/25/2013,0.415266674
2/26/2013,0.426742778
2/27/2013,0.438218882
2/28/2013,0.449694986
3/1/2013,0.46117109
3/2/2013,0.453904395
3/3/2013,0.4466377
3/4/2013,0.439371005
3/5/2013,0.43210431
3/6/2013,0.424837615
3/7/2013,0.41757092
3/8/2013,0.410304224
3/9/2013,0.403037529
3/10/2013,0.395770834
3/11/2013,0.388504139
3/12/2013,0.381237444
3/13/2013,0.373970749
3/14/2013,0.366704053
3/15/2013,0.359437358
3/16/2013,0.352170663
3/17/2013,0.344903968
3/18/2013,0.337637273
3/19/2013,0.330370578
3/20/2013,0.323103882
3/21/2013,0.315837187
3/22/2013,0.308570492
3/23/2013,0.301303797
3/24/2013,0.294037102
3/25/2013,0.286770407
3/26/2013,0.279503712
3/27/2013,0.272237016
3/28/2013,0.264970321
3/29/2013,0.257703626
3/30/2013,0.250436931
3/31/2013,0.243170236
4/1/2013,0.235903541
4/2/2013,0.246899958
4/3/2013,0.257896375
4/4/2013,0.268892791
4/5/2013,0.279889208
4/6/2013,0.290885625
4/7/2013,0.301882042
4/8/2013,0.312878459
4/9/2013,0.323874876
4/10/2013,0.334871293
4/11/2013,0.34586771
4/12/2013,0.356864127
4/13/2013,0.367860544
4/14/2013,0.378856961
4/15/2013,0.389853378
4/16/2013,0.400849795
4/17/2013,0.411846212
4/18/2013,0.422842629
4/19/2013,0.433839046
4/20/2013,0.444835463
4/21/2013,0.45583188
4/22/2013,0.466828297
4/23/2013,0.477824714
4/24/2013,0.488821131
4/25/2013,0.499817547
4/26/2013,0.510813964
4/27/2013,0.521810381
4/28/2013,0.532806798
4/29/2013,0.543803215
4/30/2013,0.554799632
5/1/2013,0.565796049
5/2/2013,0.560415092
5/3/2013,0.555034135
5/4/2013,0.549653178
5/5/2013,0.54427222
5/6/2013,0.538891263
5/7/2013,0.533510306
5/8/2013,0.528129349
5/9/2013,0.522748391
5/10/2013,0.517367434
5/11/2013,0.511986477
5/12/2013,0.50660552
5/13/2013,0.501224562
5/14/2013,0.495843605
5/15/2013,0.490462648
5/16/2013,0.485081691
5/17/2013,0.479700733
5/18/2013,0.474319776
5/19/2013,0.468938819
5/20/2013,0.463557862
5/21/2013,0.458176905
5/22/2013,0.452795947
5/23/2013,0.44741499
5/24/2013,0.442034033
5/25/2013,0.436653076
5/26/2013,0.431272118
5/27/2013,0.425891161
5/28/2013,0.420510204
5/29/2013,0.415129247
5/30/2013,0.409748289
5/31/2013,0.404367332
6/1/2013,0.398986375
6/2/2013,0.40666816
6/3/2013,0.414349944
6/4/2013,0.422031729
6/5/2013,0.429713513
6/6/2013,0.437395298
6/7/2013,0.445077083
6/8/2013,0.452758867
6/9/2013,0.460440652
6/10/2013,0.468122436
6/11/2013,0.475804221
6/12/2013,0.483486006
6/13/2013,0.49116779
6/14/2013,0.498849575
6/15/2013,0.50653136
6/16/2013,0.514213144
6/17/2013,0.521894929
6/18/2013,0.529576713
6/19/2013,0.537258498
6/20/2013,0.544940283
6/21/2013,0.552622067
6/22/2013,0.560303852
6/23/2013,0.567985636
6/24/2013,0.575667421
6/25/2013,0.583349206
6/26/2013,0.59103099
6/27/2013,0.598712775
6/28/2013,0.606394559
6/29/2013,0.614076344
6/30/2013,0.621758129
7/1/2013,0.629439913
7/2/2013,0.627993235
7/3/2013,0.626546558
7/4/2013,0.62509988
7/5/2013,0.623653202
7/6/2013,0.622206524
7/7/2013,0.620759846
7/8/2013,0.619313168
7/9/2013,0.61786649
7/10/2013,0.616419813
7/11/2013,0.614973135
7/12/2013,0.613526457
7/13/2013,0.612079779
7/14/2013,0.610633101
7/15/2013,0.609186423
7/16/2013,0.607739746
7/17/2013,0.606293068
7/18/2013,0.60484639
7/19/2013,0.603399712
7/20/2013,0.601953034
7/21/2013,0.600506356
7/22/2013,0.599059678
7/23/2013,0.597613001
7/24/2013,0.596166323
7/25/2013,0.594719645
7/26/2013,0.593272967
7/27/2013,0.591826289
7/28/2013,0.590379611
7/29/2013,0.588932933
7/30/2013,0.587486256
7/31/2013,0.586039578
8/1/2013,0.5845929
8/2/2013,0.580235681
8/3/2013,0.575878462
8/4/2013,0.571521244
8/5/2013,0.567164025
8/6/2013,0.562806806
8/7/2013,0.558449587
8/8/2013,0.554092368
8/9/2013,0.54973515
8/10/2013,0.545377931
8/11/2013,0.541020712
8/12/2013,0.536663493
8/13/2013,0.532306274
8/14/2013,0.527949056
8/15/2013,0.523591837
8/16/2013,0.519234618
8/17/2013,0.514877399
8/18/2013,0.51052018
8/19/2013,0.506162962
8/20/2013,0.501805743
8/21/2013,0.497448524
8/22/2013,0.493091305
8/23/2013,0.488734087
8/24/2013,0.484376868
8/25/2013,0.480019649
8/26/2013,0.47566243
8/27/2013,0.471305211
8/28/2013,0.466947993
8/29/2013,0.462590774
8/30/2013,0.458233555
8/31/2013,0.453876336
9/1/2013,0.449519117
9/2/2013,0.456143039
9/3/2013,0.462766961
9/4/2013,0.469390882
9/5/2013,0.476014804
9/6/2013,0.482638725
9/7/2013,0.489262647
9/8/2013,0.495886568
9/9/2013,0.50251049
9/10/2013,0.509134411
9/11/2013,0.515758333
9/12/2013,0.522382254
9/13/2013,0.529006176
9/14/2013,0.535630098
9/15/2013,0.542254019
9/16/2013,0.548877941
9/17/2013,0.555501862
9/18/2013,0.562125784
9/19/2013,0.568749705
9/20/2013,0.575373627
9/21/2013,0.581997548
9/22/2013,0.58862147
9/23/2013,0.595245392
9/24/2013,0.601869313
9/25/2013,0.608493235
9/26/2013,0.615117156
9/27/2013,0.621741078
9/28/2013,0.628364999
9/29/2013,0.634988921
9/30/2013,0.641612842
10/1/2013,0.648236764
10/2/2013,0.651002371
10/3/2013,0.653767978
10/4/2013,0.656533585
10/5/2013,0.659299192
10/6/2013,0.662064799
10/7/2013,0.664830406
10/8/2013,0.667596013
10/9/2013,0.67036162
10/10/2013,0.673127227
10/11/2013,0.675892834
10/12/2013,0.678658441
10/13/2013,0.681424048
10/14/2013,0.684189655
10/15/2013,0.686955262
10/16/2013,0.689720869
10/17/2013,0.692486476
10/18/2013,0.695252083
10/19/2013,0.69801769
10/20/2013,0.700783297
10/21/2013,0.703548904
10/22/2013,0.706314511
10/23/2013,0.709080118
10/24/2013,0.711845725
10/25/2013,0.714611332
10/26/2013,0.717376939
10/27/2013,0.720142546
10/28/2013,0.722908153
10/29/2013,0.72567376
10/30/2013,0.728439367
10/31/2013,0.731204974
11/1/2013,0.733970581
11/2/2013,0.737768139
11/3/2013,0.741565697
11/4/2013,0.745363255
11/5/2013,0.749160813
11/6/2013,0.752958371
11/7/2013,0.756755929
11/8/2013,0.760553486
11/9/2013,0.764351044
11/10/2013,0.768148602
11/11/2013,0.77194616
11/12/2013,0.775743718
11/13/2013,0.779541276
11/14/2013,0.783338834
11/15/2013,0.787136391
11/16/2013,0.790933949
11/17/2013,0.794731507
11/18/2013,0.798529065
11/19/2013,0.802326623
11/20/2013,0.806124181
11/21/2013,0.809921739
11/22/2013,0.813719297
11/23/2013,0.817516854
11/24/2013,0.821314412
11/25/2013,0.82511197
11/26/2013,0.828909528
11/27/2013,0.832707086
11/28/2013,0.836504644
11/29/2013,0.840302202
11/30/2013,0.84409976
12/1/2013,0.847897317
12/2/2013,0.850378608
12/3/2013,0.852859898
12/4/2013,0.855341188
12/5/2013,0.857822478
12/6/2013,0.860303768
12/7/2013,0.862785058
12/8/2013,0.865266348
12/9/2013,0.867747639
12/10/2013,0.870228929
12/11/2013,0.872710219
12/12/2013,0.875191509
12/13/2013,0.877672799
12/14/2013,0.880154089
12/15/2013,0.882635379
12/16/2013,0.88511667
12/17/2013,0.88759796
12/18/2013,0.89007925
12/19/2013,0.89256054
12/20/2013,0.89504183
12/21/2013,0.89752312
12/22/2013,0.90000441
12/23/2013,0.902485701
12/24/2013,0.904966991
12/25/2013,0.907448281
12/26/2013,0.909929571
12/27/2013,0.912410861
12/28/2013,0.914892151
12/29/2013,0.917373441
12/30/2013,0.919854731
12/31/2013,0.922336022
1/1/2014,0.924817312
1/2/2014,0.901102745
1/3/2014,0.877388178
1/4/2014,0.853673611
1/5/2014,0.829959044
1/6/2014,0.806244478
1/7/2014,0.782529911
1/8/2014,0.758815344
1/9/2014,0.735100777
1/10/2014,0.71138621
1/11/2014,0.687671643
1/12/2014,0.663957076
1/13/2014,0.64024251
1/14/2014,0.616527943
1/15/2014,0.592813376
1/16/2014,0.569098809
1/17/2014,0.545384242
1/18/2014,0.521669675
1/19/2014,0.497955109
1/20/2014,0.474240542
1/21/2014,0.450525975
1/22/2014,0.426811408
1/23/2014,0.403096841
1/24/2014,0.379382274
1/25/2014,0.355667707
1/26/2014,0.331953141
1/27/2014,0.308238574
1/28/2014,0.284524007
1/29/2014,0.26080944
1/30/2014,0.237094873
1/31/2014,0.213380306
2/1/2014,0.189665739
2/2/2014,0.201336234
2/3/2014,0.213006728
2/4/2014,0.224677223
2/5/2014,0.236347717
2/6/2014,0.248018212
2/7/2014,0.259688706
2/8/2014,0.2713592
2/9/2014,0.283029695
2/10/2014,0.294700189
2/11/2014,0.306370684
2/12/2014,0.318041178
2/13/2014,0.329711673
2/14/2014,0.341382167
2/15/2014,0.353052661
2/16/2014,0.364723156
2/17/2014,0.37639365
2/18/2014,0.388064145
2/19/2014,0.399734639
2/20/2014,0.411405133
2/21/2014,0.423075628
2/22/2014,0.434746122
2/23/2014,0.446416617
2/24/2014,0.458087111
2/25/2014,0.469757606
2/26/2014,0.4814281
2/27/2014,0.493098594
2/28/2014,0.504769089
3/1/2014,0.516439583
3/2/2014,0.511964653
3/3/2014,0.507489723
3/4/2014,0.503014793
3/5/2014,0.498539863
3/6/2014,0.494064933
3/7/2014,0.489590003
3/8/2014,0.485115073
3/9/2014,0.480640143
3/10/2014,0.476165213
3/11/2014,0.471690282
3/12/2014,0.467215352
3/13/2014,0.462740422
3/14/2014,0.458265492
3/15/2014,0.453790562
3/16/2014,0.449315632
3/17/2014,0.444840702
3/18/2014,0.440365772
3/19/2014,0.435890842
3/20/2014,0.431415912
3/21/2014,0.426940982
3/22/2014,0.422466052
3/23/2014,0.417991121
3/24/2014,0.413516191
3/25/2014,0.409041261
3/26/2014,0.404566331
3/27/2014,0.400091401
3/28/2014,0.395616471
3/29/2014,0.391141541
3/30/2014,0.386666611
3/31/2014,0.382191681
4/1/2014,0.377716751
4/2/2014,0.381999041
4/3/2014,0.386281332
4/4/2014,0.390563623
4/5/2014,0.394845913
4/6/2014,0.399128204
4/7/2014,0.403410495
4/8/2014,0.407692785
4/9/2014,0.411975076
4/10/2014,0.416257366
4/11/2014,0.420539657
4/12/2014,0.424821948
4/13/2014,0.429104238
4/14/2014,0.433386529
4/15/2014,0.43766882
4/16/2014,0.44195111
4/17/2014,0.446233401
4/18/2014,0.450515692
4/19/2014,0.454797982
4/20/2014,0.459080273
4/21/2014,0.463362563
4/22/2014,0.467644854
4/23/2014,0.471927145
4/24/2014,0.476209435
4/25/2014,0.480491726
4/26/2014,0.484774017
4/27/2014,0.489056307
4/28/2014,0.493338598
4/29/2014,0.497620889
4/30/2014,0.501903179
5/1/2014,0.50618547
5/2/2014,0.50339591
5/3/2014,0.50060635
5/4/2014,0.49781679
5/5/2014,0.49502723
5/6/2014,0.49223767
5/7/2014,0.48944811
5/8/2014,0.486658551
5/9/2014,0.483868991
5/10/2014,0.481079431
5/11/2014,0.478289871
5/12/2014,0.475500311
5/13/2014,0.472710751
5/14/2014,0.469921191
5/15/2014,0.467131631
5/16/2014,0.464342071
5/17/2014,0.461552512
5/18/2014,0.458762952
5/19/2014,0.455973392
5/20/2014,0.453183832
5/21/2014,0.450394272
5/22/2014,0.447604712
5/23/2014,0.444815152
5/24/2014,0.442025592
5/25/2014,0.439236032
5/26/2014,0.436446473
5/27/2014,0.433656913
5/28/2014,0.430867353
5/29/2014,0.428077793
5/30/2014,0.425288233
5/31/2014,0.422498673
6/1/2014,0.419709113
6/2/2014,0.428145381
6/3/2014,0.436581648
6/4/2014,0.445017915
6/5/2014,0.453454183
6/6/2014,0.46189045
6/7/2014,0.470326717
6/8/2014,0.478762985
6/9/2014,0.487199252
6/10/2014,0.495635519
6/11/2014,0.504071787
6/12/2014,0.512508054
6/13/2014,0.520944321
6/14/2014,0.529380589
6/15/2014,0.537816856
6/16/2014,0.546253123
6/17/2014,0.554689391
6/18/2014,0.563125658
6/19/2014,0.571561925
6/20/2014,0.579998193
6/21/2014,0.58843446
6/22/2014,0.596870727
6/23/2014,0.605306995
6/24/2014,0.613743262
6/25/2014,0.622179529
6/26/2014,0.630615797
6/27/2014,0.639052064
6/28/2014,0.647488332
6/29/2014,0.655924599
6/30/2014,0.664360866
7/1/2014,0.672797134
7/2/2014,0.673656167
7/3/2014,0.674515201
7/4/2014,0.675374235
7/5/2014,0.676233269
7/6/2014,0.677092303
7/7/2014,0.677951337
7/8/2014,0.678810371
7/9/2014,0.679669405
7/10/2014,0.680528439
7/11/2014,0.681387472
7/12/2014,0.682246506
7/13/2014,0.68310554
7/14/2014,0.683964574
7/15/2014,0.684823608
7/16/2014,0.685682642
7/17/2014,0.686541676
7/18/2014,0.68740071
7/19/2014,0.688259743
7/20/2014,0.689118777
7/21/2014,0.689977811
7/22/2014,0.690836845
7/23/2014,0.691695879
7/24/2014,0.692554913
7/25/2014,0.693413947
7/26/2014,0.694272981
7/27/2014,0.695132015
7/28/2014,0.695991048
7/29/2014,0.696850082
7/30/2014,0.697709116
7/31/2014,0.69856815
8/1/2014,0.699427184
8/2/2014,0.692155926
8/3/2014,0.684884669
8/4/2014,0.677613411
8/5/2014,0.670342154
8/6/2014,0.663070896
8/7/2014,0.655799638
8/8/2014,0.648528381
8/9/2014,0.641257123
8/10/2014,0.633985866
8/11/2014,0.626714608
8/12/2014,0.61944335
8/13/2014,0.612172093
8/14/2014,0.604900835
8/15/2014,0.597629577
8/16/2014,0.59035832
8/17/2014,0.583087062
8/18/2014,0.575815805
8/19/2014,0.568544547
8/20/2014,0.561273289
8/21/2014,0.554002032
8/22/2014,0.546730774
8/23/2014,0.539459517
8/24/2014,0.532188259
8/25/2014,0.524917001
8/26/2014,0.517645744
8/27/2014,0.510374486
8/28/2014,0.503103229
8/29/2014,0.495831971
8/30/2014,0.488560713
8/31/2014,0.481289456
9/1/2014,0.474018198
9/2/2014,0.480145915
9/3/2014,0.486273632
9/4/2014,0.492401348
9/5/2014,0.498529065
9/6/2014,0.504656782
9/7/2014,0.510784499
9/8/2014,0.516912215
9/9/2014,0.523039932
9/10/2014,0.529167649
9/11/2014,0.535295366
9/12/2014,0.541423082
9/13/2014,0.547550799
9/14/2014,0.553678516
9/15/2014,0.559806233
9/16/2014,0.565933949
9/17/2014,0.572061666
9/18/2014,0.578189383
9/19/2014,0.5843171
9/20/2014,0.590444816
9/21/2014,0.596572533
9/22/2014,0.60270025
9/23/2014,0.608827967
9/24/2014,0.614955683
9/25/2014,0.6210834
9/26/2014,0.627211117
9/27/2014,0.633338834
9/28/2014,0.63946655
9/29/2014,0.645594267
9/30/2014,0.651721984
10/1/2014,0.657849701
10/2/2014,0.65761443
10/3/2014,0.65737916
10/4/2014,0.657143889
10/5/2014,0.656908619
10/6/2014,0.656673348
10/7/2014,0.656438078
10/8/2014,0.656202807
10/9/2014,0.655967537
10/10/2014,0.655732266
10/11/2014,0.655496996
10/12/2014,0.655261725
10/13/2014,0.655026455
10/14/2014,0.654791184
10/15/2014,0.654555914
10/16/2014,0.654320643
10/17/2014,0.654085373
10/18/2014,0.653850102
10/19/2014,0.653614832
10/20/2014,0.653379561
10/21/2014,0.653144291
10/22/2014,0.65290902
10/23/2014,0.65267375
10/24/2014,0.652438479
10/25/2014,0.652203209
10/26/2014,0.651967938
10/27/2014,0.651732668
10/28/2014,0.651497397
10/29/2014,0.651262127
10/30/2014,0.651026856
10/31/2014,0.650791586
11/1/2014,0.650556315
11/2/2014,0.653827652
11/3/2014,0.65709899
11/4/2014,0.660370327
11/5/2014,0.663641664
11/6/2014,0.666913001
11/7/2014,0.670184338
11/8/2014,0.673455676
11/9/2014,0.676727013
11/10/2014,0.67999835
11/11/2014,0.683269687
11/12/2014,0.686541024
11/13/2014,0.689812362
11/14/2014,0.693083699
11/15/2014,0.696355036
11/16/2014,0.699626373
11/17/2014,0.70289771
11/18/2014,0.706169048
11/19/2014,0.709440385
11/20/2014,0.712711722
11/21/2014,0.715983059
11/22/2014,0.719254396
11/23/2014,0.722525734
11/24/2014,0.725797071
11/25/2014,0.729068408
11/26/2014,0.732339745
11/27/2014,0.735611082
11/28/2014,0.738882419
11/29/2014,0.742153757
11/30/2014,0.745425094
12/1/2014,0.748696431
12/2/2014,0.751592524
12/3/2014,0.754488617
12/4/2014,0.757384711
12/5/2014,0.760280804
12/6/2014,0.763176897
12/7/2014,0.76607299
12/8/2014,0.768969083
12/9/2014,0.771865176
12/10/2014,0.77476127
12/11/2014,0.777657363
12/12/2014,0.780553456
12/13/2014,0.783449549
12/14/2014,0.786345642
12/15/2014,0.789241735
12/16/2014,0.792137829
12/17/2014,0.795033922
12/18/2014,0.797930015
12/19/2014,0.800826108
12/20/2014,0.803722201
12/21/2014,0.806618295
12/22/2014,0.809514388
12/23/2014,0.812410481
12/24/2014,0.815306574
12/25/2014,0.818202667
12/26/2014,0.82109876
12/27/2014,0.823994854
12/28/2014,0.826890947
12/29/2014,0.82978704
12/30/2014,0.832683133
12/31/2014,0.835579226
1/1/2015,0.838475319
1/2/2015,0.822307278
1/3/2015,0.806139237
1/4/2015,0.789971196
1/5/2015,0.773803154
1/6/2015,0.757635113
1/7/2015,0.741467072
1/8/2015,0.725299031
1/9/2015,0.70913099
1/10/2015,0.692962948
1/11/2015,0.676794907
1/12/2015,0.660626866
1/13/2015,0.644458825
1/14/2015,0.628290783
1/15/2015,0.612122742
1/16/2015,0.595954701
1/17/2015,0.57978666
1/18/2015,0.563618618
1/19/2015,0.547450577
1/20/2015,0.531282536
1/21/2015,0.515114495
1/22/2015,0.498946454
1/23/2015,0.482778412
1/24/2015,0.466610371
1/25/2015,0.45044233
1/26/2015,0.434274289
1/27/2015,0.418106247
1/28/2015,0.401938206
1/29/2015,0.385770165
1/30/2015,0.369602124
1/31/2015,0.353434082
2/1/2015,0.337266041
2/2/2015,0.343675872
2/3/2015,0.350085704
2/4/2015,0.356495535
2/5/2015,0.362905366
2/6/2015,0.369315197
2/7/2015,0.375725028
2/8/2015,0.382134859
2/9/2015,0.38854469
2/10/2015,0.394954522
2/11/2015,0.401364353
2/12/2015,0.407774184
2/13/2015,0.414184015
2/14/2015,0.420593846
2/15/2015,0.427003677
2/16/2015,0.433413508
2/17/2015,0.43982334
2/18/2015,0.446233171
2/19/2015,0.452643002
2/20/2015,0.459052833
2/21/2015,0.465462664
2/22/2015,0.471872495
2/23/2015,0.478282327
2/24/2015,0.484692158
2/25/2015,0.491101989
2/26/2015,0.49751182
2/27/2015,0.503921651
2/28/2015,0.510331482
3/1/2015,0.516741313
3/2/2015,0.510447029
3/3/2015,0.504152745
3/4/2015,0.497858461
3/5/2015,0.491564176
3/6/2015,0.485269892
3/7/2015,0.478975608
3/8/2015,0.472681323
3/9/2015,0.466387039
3/10/2015,0.460092755
3/11/2015,0.45379847
3/12/2015,0.447504186
3/13/2015,0.441209902
3/14/2015,0.434915617
3/15/2015,0.428621333
3/16/2015,0.422327049
3/17/2015,0.416032764
3/18/2015,0.40973848
3/19/2015,0.403444196
3/20/2015,0.397149912
3/21/2015,0.390855627
3/22/2015,0.384561343
3/23/2015,0.378267059
3/24/2015,0.371972774
3/25/2015,0.36567849
3/26/2015,0.359384206
3/27/2015,0.353089921
3/28/2015,0.346795637
3/29/2015,0.340501353
3/30/2015,0.334207068
3/31/2015,0.327912784
4/1/2015,0.3216185
4/2/2015,0.329286534
4/3/2015,0.336954568
4/4/2015,0.344622601
4/5/2015,0.352290635
4/6/2015,0.359958669
4/7/2015,0.367626703
4/8/2015,0.375294737
4/9/2015,0.382962771
4/10/2015,0.390630805
4/11/2015,0.398298839
4/12/2015,0.405966873
4/13/2015,0.413634906
4/14/2015,0.42130294
4/15/2015,0.428970974
4/16/2015,0.436639008
4/17/2015,0.444307042
4/18/2015,0.451975076
4/19/2015,0.45964311
4/20/2015,0.467311144
4/21/2015,0.474979177
4/22/2015,0.482647211
4/23/2015,0.490315245
4/24/2015,0.497983279
4/25/2015,0.505651313
4/26/2015,0.513319347
4/27/2015,0.520987381
4/28/2015,0.528655415
4/29/2015,0.536323449
4/30/2015,0.543991482
5/1/2015,0.551659516
5/2/2015,0.552849556
5/3/2015,0.554039596
5/4/2015,0.555229636
5/5/2015,0.556419676
5/6/2015,0.557609716
5/7/2015,0.558799755
5/8/2015,0.559989795
5/9/2015,0.561179835
5/10/2015,0.562369875
5/11/2015,0.563559915
5/12/2015,0.564749955
5/13/2015,0.565939995
5/14/2015,0.567130034
5/15/2015,0.568320074
5/16/2015,0.569510114
5/17/2015,0.570700154
5/18/2015,0.571890194
5/19/2015,0.573080234
5/20/2015,0.574270274
5/21/2015,0.575460314
5/22/2015,0.576650353
5/23/2015,0.577840393
5/24/2015,0.579030433
5/25/2015,0.580220473
5/26/2015,0.581410513
5/27/2015,0.582600553
5/28/2015,0.583790593
5/29/2015,0.584980632
5/30/2015,0.586170672
5/31/2015,0.587360712
6/1/2015,0.588550752
6/2/2015,0.594317257
6/3/2015,0.600083762
6/4/2015,0.605850266
6/5/2015,0.611616771
6/6/2015,0.617383276
6/7/2015,0.623149781
6/8/2015,0.628916286
6/9/2015,0.63468279
6/10/2015,0.640449295
6/11/2015,0.6462158
6/12/2015,0.651982305
6/13/2015,0.65774881
6/14/2015,0.663515314
6/15/2015,0.669281819
6/16/2015,0.675048324
6/17/2015,0.680814829
6/18/2015,0.686581334
6/19/2015,0.692347838
6/20/2015,0.698114343
6/21/2015,0.703880848
6/22/2015,0.709647353
6/23/2015,0.715413858
6/24/2015,0.721180362
6/25/2015,0.726946867
6/26/2015,0.732713372
6/27/2015,0.738479877
6/28/2015,0.744246382
6/29/2015,0.750012886
6/30/2015,0.755779391
7/1/2015,0.761545896
7/2/2015,0.759584726
7/3/2015,0.757623555
7/4/2015,0.755662385
7/5/2015,0.753701214
7/6/2015,0.751740044
7/7/2015,0.749778873
7/8/2015,0.747817703
7/9/2015,0.745856532
7/10/2015,0.743895362
7/11/2015,0.741934191
7/12/2015,0.739973021
7/13/2015,0.73801185
7/14/2015,0.73605068
7/15/2015,0.734089509
7/16/2015,0.732128339
7/17/2015,0.730167168
7/18/2015,0.728205998
7/19/2015,0.726244827
7/20/2015,0.724283657
7/21/2015,0.722322486
7/22/2015,0.720361316
7/23/2015,0.718400145
7/24/2015,0.716438975
7/25/2015,0.714477804
7/26/2015,0.712516634
7/27/2015,0.710555463
7/28/2015,0.708594293
7/29/2015,0.706633122
7/30/2015,0.704671952
7/31/2015,0.702710782
8/1/2015,0.700749611
8/2/2015,0.688601243
8/3/2015,0.676452875
8/4/2015,0.664304507
8/5/2015,0.652156139
8/6/2015,0.640007771
8/7/2015,0.627859403
8/8/2015,0.615711036
8/9/2015,0.603562668
8/10/2015,0.5914143
8/11/2015,0.579265932
8/12/2015,0.567117564
8/13/2015,0.554969196
8/14/2015,0.542820828
8/15/2015,0.53067246
8/16/2015,0.518524092
8/17/2015,0.506375724
8/18/2015,0.494227356
8/19/2015,0.482078988
8/20/2015,0.46993062
8/21/2015,0.457782252
8/22/2015,0.445633884
8/23/2015,0.433485516
8/24/2015,0.421337149
8/25/2015,0.409188781
8/26/2015,0.397040413
8/27/2015,0.384892045
8/28/2015,0.372743677
8/29/2015,0.360595309
8/30/2015,0.348446941
8/31/2015,0.336298573
9/1/2015,0.324150205
9/2/2015,0.325064118
9/3/2015,0.32597803
9/4/2015,0.326891943
9/5/2015,0.327805855
9/6/2015,0.328719768
9/7/2015,0.329633681
9/8/2015,0.330547593
9/9/2015,0.331461506
9/10/2015,0.332375418
9/11/2015,0.333289331
9/12/2015,0.334203244
9/13/2015,0.335117156
9/14/2015,0.336031069
9/15/2015,0.336944981
9/16/2015,0.337858894
9/17/2015,0.338772807
9/18/2015,0.339686719
9/19/2015,0.340600632
9/20/2015,0.341514544
9/21/2015,0.342428457
9/22/2015,0.34334237
9/23/2015,0.344256282
9/24/2015,0.345170195
9/25/2015,0.346084107
9/26/2015,0.34699802
9/27/2015,0.347911932
9/28/2015,0.348825845
9/29/2015,0.349739758
9/30/2015,0.35065367
10/1/2015,0.351567583
10/2/2015,0.348886001
10/3/2015,0.346204419
10/4/2015,0.343522837
10/5/2015,0.340841256
10/6/2015,0.338159674
10/7/2015,0.335478092
10/8/2015,0.33279651
10/9/2015,0.330114928
10/10/2015,0.327433346
10/11/2015,0.324751765
10/12/2015,0.322070183
10/13/2015,0.319388601
10/14/2015,0.316707019
10/15/2015,0.314025437
10/16/2015,0.311343855
10/17/2015,0.308662274
10/18/2015,0.305980692
10/19/2015,0.30329911
10/20/2015,0.300617528
10/21/2015,0.297935946
10/22/2015,0.295254364
10/23/2015,0.292572783
10/24/2015,0.289891201
10/25/2015,0.287209619
10/26/2015,0.284528037
10/27/2015,0.281846455
10/28/2015,0.279164873
10/29/2015,0.276483292
10/30/2015,0.27380171
10/31/2015,0.271120128
11/1/2015,0.268438546
11/2/2015,0.276243144
11/3/2015,0.284047743
11/4/2015,0.291852341
11/5/2015,0.299656939
11/6/2015,0.307461537
11/7/2015,0.315266135
11/8/2015,0.323070734
11/9/2015,0.330875332
11/10/2015,0.33867993
11/11/2015,0.346484528
11/12/2015,0.354289127
11/13/2015,0.362093725
11/14/2015,0.369898323
11/15/2015,0.377702921
11/16/2015,0.38550752
11/17/2015,0.393312118
11/18/2015,0.401116716
11/19/2015,0.408921314
11/20/2015,0.416725913
11/21/2015,0.424530511
11/22/2015,0.432335109
11/23/2015,0.440139707
11/24/2015,0.447944306
11/25/2015,0.455748904
11/26/2015,0.463553502
11/27/2015,0.4713581
11/28/2015,0.479162699
11/29/2015,0.486967297
11/30/2015,0.494771895
12/1/2015,0.502576493
12/2/2015,0.510940154
12/3/2015,0.519303815
12/4/2015,0.527667476
12/5/2015,0.536031137
12/6/2015,0.544394798
12/7/2015,0.552758459
12/8/2015,0.56112212
12/9/2015,0.569485781
12/10/2015,0.577849442
12/11/2015,0.586213103
12/12/2015,0.594576764
12/13/2015,0.602940425
12/14/2015,0.611304086
12/15/2015,0.619667747
12/16/2015,0.628031408
12/17/2015,0.636395069
12/18/2015,0.64475873
12/19/2015,0.653122391
12/20/2015,0.661486052
12/21/2015,0.669849713
12/22/2015,0.678213374
12/23/2015,0.686577035
12/24/2015,0.694940696
12/25/2015,0.703304357
12/26/2015,0.711668018
12/27/2015,0.720031679
12/28/2015,0.72839534
12/29/2015,0.736759001
12/30/2015,0.745122662
12/31/2015,0.753486323
1/1/2016,0.761849983
1/2/2016,0.750710678
1/3/2016,0.739571373
1/4/2016,0.728432067
1/5/2016,0.717292762
1/6/2016,0.706153457
1/7/2016,0.695014151
1/8/2016,0.683874846
1/9/2016,0.67273554
1/10/2016,0.661596235
1/11/2016,0.65045693
1/12/2016,0.639317624
1/13/2016,0.628178319
1/14/2016,0.617039014
1/15/2016,0.605899708
1/16/2016,0.594760403
1/17/2016,0.583621097
1/18/2016,0.572481792
1/19/2016,0.561342487
1/20/2016,0.550203181
1/21/2016,0.539063876
1/22/2016,0.52792457
1/23/2016,0.516785265
1/24/2016,0.50564596
1/25/2016,0.494506654
1/26/2016,0.483367349
1/27/2016,0.472228044
1/28/2016,0.461088738
1/29/2016,0.449949433
1/30/2016,0.438810127
1/31/2016,0.427670822
2/1/2016,0.416531517
2/2/2016,0.419521995
2/3/2016,0.422512473
2/4/2016,0.425502951
2/5/2016,0.42849343
2/6/2016,0.431483908
2/7/2016,0.434474386
2/8/2016,0.437464865
2/9/2016,0.440455343
2/10/2016,0.443445821
2/11/2016,0.446436299
2/12/2016,0.449426778
2/13/2016,0.452417256
2/14/2016,0.455407734
2/15/2016,0.458398212
2/16/2016,0.461388691
2/17/2016,0.464379169
2/18/2016,0.467369647
2/19/2016,0.470360125
2/20/2016,0.473350604
2/21/2016,0.476341082
2/22/2016,0.47933156
2/23/2016,0.482322038
2/24/2016,0.485312517
2/25/2016,0.488302995
2/26/2016,0.491293473
2/27/2016,0.494283952
2/28/2016,0.49727443
2/29/2016,0.500264908
3/1/2016,0.503255386
3/2/2016,0.494341265
3/3/2016,0.485427144
3/4/2016,0.476513024
3/5/2016,0.467598903
3/6/2016,0.458684782
3/7/2016,0.449770661
3/8/2016,0.44085654
3/9/2016,0.431942419
3/10/2016,0.423028298
3/11/2016,0.414114177
3/12/2016,0.405200056
3/13/2016,0.396285935
3/14/2016,0.387371814
3/15/2016,0.378457693
3/16/2016,0.369543572
3/17/2016,0.360629451
3/18/2016,0.35171533
3/19/2016,0.342801209
3/20/2016,0.333887088
3/21/2016,0.324972967
3/22/2016,0.316058847
3/23/2016,0.307144726
3/24/2016,0.298230605
3/25/2016,0.289316484
3/26/2016,0.280402363
3/27/2016,0.271488242
3/28/2016,0.262574121
3/29/2016,0.25366
3/30/2016,0.244745879
3/31/2016,0.235831758
4/1/2016,0.226917637
4/2/2016,0.231463942
4/3/2016,0.236010246
4/4/2016,0.240556551
4/5/2016,0.245102855
4/6/2016,0.24964916
4/7/2016,0.254195465
4/8/2016,0.258741769
4/9/2016,0.263288074
4/10/2016,0.267834378
4/11/2016,0.272380683
4/12/2016,0.276926988
4/13/2016,0.281473292
4/14/2016,0.286019597
4/15/2016,0.290565901
4/16/2016,0.295112206
4/17/2016,0.299658511
4/18/2016,0.304204815
4/19/2016,0.30875112
4/20/2016,0.313297424
4/21/2016,0.317843729
4/22/2016,0.322390033
4/23/2016,0.326936338
4/24/2016,0.331482643
4/25/2016,0.336028947
4/26/2016,0.340575252
4/27/2016,0.345121556
4/28/2016,0.349667861
4/29/2016,0.354214166
4/30/2016,0.35876047
5/1/2016,0.363306775
5/2/2016,0.364185427
5/3/2016,0.36506408
5/4/2016,0.365942732
5/5/2016,0.366821385
5/6/2016,0.367700037
5/7/2016,0.368578689
5/8/2016,0.369457342
5/9/2016,0.370335994
5/10/2016,0.371214647
5/11/2016,0.372093299
5/12/2016,0.372971952
5/13/2016,0.373850604
5/14/2016,0.374729256
5/15/2016,0.375607909
5/16/2016,0.376486561
5/17/2016,0.377365214
5/18/2016,0.378243866
5/19/2016,0.379122519
5/20/2016,0.380001171
5/21/2016,0.380879823
5/22/2016,0.381758476
5/23/2016,0.382637128
5/24/2016,0.383515781
5/25/2016,0.384394433
5/26/2016,0.385273086
5/27/2016,0.386151738
5/28/2016,0.387030391
5/29/2016,0.387909043
5/30/2016,0.388787695
5/31/2016,0.389666348
6/1/2016,0.390545
6/2/2016,0.396374837
6/3/2016,0.402204674
6/4/2016,0.40803451
6/5/2016,0.413864347
6/6/2016,0.419694184
6/7/2016,0.425524021
6/8/2016,0.431353857
6/9/2016,0.437183694
6/10/2016,0.443013531
6/11/2016,0.448843367
6/12/2016,0.454673204
6/13/2016,0.460503041
6/14/2016,0.466332878
6/15/2016,0.472162714
6/16/2016,0.477992551
6/17/2016,0.483822388
6/18/2016,0.489652224
6/19/2016,0.495482061
6/20/2016,0.501311898
6/21/2016,0.507141735
6/22/2016,0.512971571
6/23/2016,0.518801408
6/24/2016,0.524631245
6/25/2016,0.530461082
6/26/2016,0.536290918
6/27/2016,0.542120755
6/28/2016,0.547950592
6/29/2016,0.553780428
6/30/2016,0.559610265
7/1/2016,0.565440102
7/2/2016,0.571618196
7/3/2016,0.57779629
7/4/2016,0.583974383
7/5/2016,0.590152477
7/6/2016,0.596330571
7/7/2016,0.602508665
7/8/2016,0.608686759
7/9/2016,0.614864853
7/10/2016,0.621042946
7/11/2016,0.62722104
7/12/2016,0.633399134
7/13/2016,0.639577228
7/14/2016,0.645755322
7/15/2016,0.651933416
7/16/2016,0.658111509
7/17/2016,0.664289603
7/18/2016,0.670467697
7/19/2016,0.676645791
7/20/2016,0.682823885
7/21/2016,0.689001979
7/22/2016,0.695180072
7/23/2016,0.701358166
7/24/2016,0.70753626
7/25/2016,0.713714354
7/26/2016,0.719892448
7/27/2016,0.726070542
7/28/2016,0.732248635
7/29/2016,0.738426729
7/30/2016,0.744604823
7/31/2016,0.750782917
8/1/2016,0.756961011
8/2/2016,0.742624947
8/3/2016,0.728288882
8/4/2016,0.713952818
8/5/2016,0.699616754
8/6/2016,0.68528069
8/7/2016,0.670944626
8/8/2016,0.656608561
8/9/2016,0.642272497
8/10/2016,0.627936433
8/11/2016,0.613600369
8/12/2016,0.599264304
8/13/2016,0.58492824
8/14/2016,0.570592176
8/15/2016,0.556256112
8/16/2016,0.541920048
8/17/2016,0.527583983
8/18/2016,0.513247919
8/19/2016,0.498911855
8/20/2016,0.484575791
8/21/2016,0.470239726
8/22/2016,0.455903662
8/23/2016,0.441567598
8/24/2016,0.427231534
8/25/2016,0.41289547
8/26/2016,0.398559405
8/27/2016,0.384223341
8/28/2016,0.369887277
8/29/2016,0.355551213
8/30/2016,0.341215149
8/31/2016,0.326879084
9/1/2016,0.31254302
9/2/2016,0.317881445
9/3/2016,0.32321987
9/4/2016,0.328558295
9/5/2016,0.33389672
9/6/2016,0.339235145
9/7/2016,0.34457357
9/8/2016,0.349911995
9/9/2016,0.35525042
9/10/2016,0.360588845
9/11/2016,0.36592727
9/12/2016,0.371265695
9/13/2016,0.376604121
9/14/2016,0.381942546
9/15/2016,0.387280971
9/16/2016,0.392619396
9/17/2016,0.397957821
9/18/2016,0.403296246
9/19/2016,0.408634671
9/20/2016,0.413973096
9/21/2016,0.419311521
9/22/2016,0.424649946
9/23/2016,0.429988371
9/24/2016,0.435326796
9/25/2016,0.440665221
9/26/2016,0.446003646
9/27/2016,0.451342071
9/28/2016,0.456680496
9/29/2016,0.462018921
9/30/2016,0.467357346
10/1/2016,0.472695771
10/2/2016,0.470990326
10/3/2016,0.469284881
10/4/2016,0.467579436
10/5/2016,0.465873991
10/6/2016,0.464168546
10/7/2016,0.462463101
10/8/2016,0.460757656
10/9/2016,0.459052211
10/10/2016,0.457346766
10/11/2016,0.455641321
10/12/2016,0.453935876
10/13/2016,0.452230431
10/14/2016,0.450524986
10/15/2016,0.448819541
10/16/2016,0.447114096
10/17/2016,0.445408651
10/18/2016,0.443703206
10/19/2016,0.441997761
10/20/2016,0.440292316
10/21/2016,0.438586871
10/22/2016,0.436881426
10/23/2016,0.435175981
10/24/2016,0.433470536
10/25/2016,0.431765091
10/26/2016,0.430059646
10/27/2016,0.428354201
10/28/2016,0.426648757
10/29/2016,0.424943312
10/30/2016,0.423237867
10/31/2016,0.421532422
11/1/2016,0.419826977
11/2/2016,0.43338645
11/3/2016,0.446945924
11/4/2016,0.460505398
11/5/2016,0.474064872
11/6/2016,0.487624346
11/7/2016,0.50118382
11/8/2016,0.514743294
11/9/2016,0.528302767
11/10/2016,0.541862241
11/11/2016,0.555421715
11/12/2016,0.568981189
11/13/2016,0.582540663
11/14/2016,0.596100137
11/15/2016,0.609659611
11/16/2016,0.623219084
11/17/2016,0.636778558
11/18/2016,0.650338032
11/19/2016,0.663897506
11/20/2016,0.67745698
11/21/2016,0.691016454
11/22/2016,0.704575928
11/23/2016,0.718135401
11/24/2016,0.731694875
11/25/2016,0.745254349
11/26/2016,0.758813823
11/27/2016,0.772373297
11/28/2016,0.785932771
11/29/2016,0.799492245
11/30/2016,0.813051718
12/1/2016,0.826611192
12/2/2016,0.822565133
12/3/2016,0.818519073
12/4/2016,0.814473014
12/5/2016,0.810426954
12/6/2016,0.806380895
12/7/2016,0.802334835
12/8/2016,0.798288776
12/9/2016,0.794242716
12/10/2016,0.790196657
12/11/2016,0.786150597
12/12/2016,0.782104538
12/13/2016,0.778058478
12/14/2016,0.774012419
12/15/2016,0.76996636
12/16/2016,0.7659203
12/17/2016,0.761874241
12/18/2016,0.757828181
12/19/2016,0.753782122
12/20/2016,0.749736062
12/21/2016,0.745690003
12/22/2016,0.741643943
12/23/2016,0.737597884
12/24/2016,0.733551824
12/25/2016,0.729505765
12/26/2016,0.725459705
12/27/2016,0.721413646
12/28/2016,0.717367586
12/29/2016,0.713321527
12/30/2016,0.709275467
12/31/2016,0.705229408
1/1/2017,0.701183348
1/2/2017,0.679348284
1/3/2017,0.65751322
1/4/2017,0.635678155
1/5/2017,0.613843091
1/6/2017,0.592008027
1/7/2017,0.570172963
1/8/2017,0.548337898
1/9/2017,0.526502834
1/10/2017,0.50466777
1/11/2017,0.482832705
1/12/2017,0.460997641
1/13/2017,0.439162577
1/14/2017,0.417327513
1/15/2017,0.395492448
1/16/2017,0.373657384
1/17/2017,0.35182232
1/18/2017,0.329987256
1/19/2017,0.308152191
1/20/2017,0.286317127
1/21/2017,0.264482063
1/22/2017,0.242646998
1/23/2017,0.220811934
1/24/2017,0.19897687
1/25/2017,0.177141806
1/26/2017,0.155306741
1/27/2017,0.133471677
1/28/2017,0.111636613
1/29/2017,0.089801548
1/30/2017,0.067966484
1/31/2017,0.04613142
2/1/2017,0.024296356
2/2/2017,0.047714292
2/3/2017,0.071132229
2/4/2017,0.094550166
2/5/2017,0.117968103
2/6/2017,0.14138604
2/7/2017,0.164803976
2/8/2017,0.188221913
2/9/2017,0.21163985
2/10/2017,0.235057787
2/11/2017,0.258475724
2/12/2017,0.28189366
2/13/2017,0.305311597
2/14/2017,0.328729534
2/15/2017,0.352147471
2/16/2017,0.375565407
2/17/2017,0.398983344
2/18/2017,0.422401281
2/19/2017,0.445819218
2/20/2017,0.469237155
2/21/2017,0.492655091
2/22/2017,0.516073028
2/23/2017,0.539490965
2/24/2017,0.562908902
2/25/2017,0.586326839
2/26/2017,0.609744775
2/27/2017,0.633162712
2/28/2017,0.656580649
3/1/2017,0.679998586
3/2/2017,0.667603997
3/3/2017,0.655209409
3/4/2017,0.642814821
3/5/2017,0.630420232
3/6/2017,0.618025644
3/7/2017,0.605631056
3/8/2017,0.593236467
3/9/2017,0.580841879
3/10/2017,0.568447291
3/11/2017,0.556052702
3/12/2017,0.543658114
3/13/2017,0.531263526
3/14/2017,0.518868937
3/15/2017,0.506474349
3/16/2017,0.494079761
3/17/2017,0.481685172
3/18/2017,0.469290584
3/19/2017,0.456895996
3/20/2017,0.444501408
3/21/2017,0.432106819
3/22/2017,0.419712231
3/23/2017,0.407317643
3/24/2017,0.394923054
3/25/2017,0.382528466
3/26/2017,0.370133878
3/27/2017,0.357739289
3/28/2017,0.345344701
3/29/2017,0.332950113
3/30/2017,0.320555524
3/31/2017,0.308160936
4/1/2017,0.295766348
4/2/2017,0.303965631
4/3/2017,0.312164914
4/4/2017,0.320364198
4/5/2017,0.328563481
4/6/2017,0.336762765
4/7/2017,0.344962048
4/8/2017,0.353161331
4/9/2017,0.361360615
4/10/2017,0.369559898
4/11/2017,0.377759182
4/12/2017,0.385958465
4/13/2017,0.394157748
4/14/2017,0.402357032
4/15/2017,0.410556315
4/16/2017,0.418755599
4/17/2017,0.426954882
4/18/2017,0.435154165
4/19/2017,0.443353449
4/20/2017,0.451552732
4/21/2017,0.459752015
4/22/2017,0.467951299
4/23/2017,0.476150582
4/24/2017,0.484349866
4/25/2017,0.492549149
4/26/2017,0.500748432
4/27/2017,0.508947716
4/28/2017,0.517146999
4/29/2017,0.525346283
4/30/2017,0.533545566
5/1/2017,0.541744849
5/2/2017,0.540165632
5/3/2017,0.538586415
5/4/2017,0.537007198
5/5/2017,0.535427981
5/6/2017,0.533848764
5/7/2017,0.532269547
5/8/2017,0.53069033
5/9/2017,0.529111112
5/10/2017,0.527531895
5/11/2017,0.525952678
5/12/2017,0.524373461
5/13/2017,0.522794244
5/14/2017,0.521215027
5/15/2017,0.51963581
5/16/2017,0.518056593
5/17/2017,0.516477376
5/18/2017,0.514898158
5/19/2017,0.513318941
5/20/2017,0.511739724
5/21/2017,0.510160507
5/22/2017,0.50858129
5/23/2017,0.507002073
5/24/2017,0.505422856
5/25/2017,0.503843639
5/26/2017,0.502264422
5/27/2017,0.500685204
5/28/2017,0.499105987
5/29/2017,0.49752677
5/30/2017,0.495947553
5/31/2017,0.494368336
6/1/2017,0.492789119
6/2/2017,0.49862917
6/3/2017,0.504469222
6/4/2017,0.510309273
6/5/2017,0.516149325
6/6/2017,0.521989377
6/7/2017,0.527829428
6/8/2017,0.53366948
6/9/2017,0.539509531
6/10/2017,0.545349583
6/11/2017,0.551189634
6/12/2017,0.557029686
6/13/2017,0.562869737
6/14/2017,0.568709789
6/15/2017,0.57454984
6/16/2017,0.580389892
6/17/2017,0.586229944
6/18/2017,0.592069995
6/19/2017,0.597910047
6/20/2017,0.603750098
6/21/2017,0.60959015
6/22/2017,0.615430201
6/23/2017,0.621270253
6/24/2017,0.627110304
6/25/2017,0.632950356
6/26/2017,0.638790407
6/27/2017,0.644630459
6/28/2017,0.650470511
6/29/2017,0.656310562
6/30/2017,0.662150614
7/1/2017,0.667990665
7/2/2017,0.666980614
7/3/2017,0.665970563
7/4/2017,0.664960512
7/5/2017,0.663950461
7/6/2017,0.66294041
7/7/2017,0.661930359
7/8/2017,0.660920308
7/9/2017,0.659910257
7/10/2017,0.658900205
7/11/2017,0.657890154
7/12/2017,0.656880103
7/13/2017,0.655870052
7/14/2017,0.654860001
7/15/2017,0.65384995
7/16/2017,0.652839899
7/17/2017,0.651829848
7/18/2017,0.650819797
7/19/2017,0.649809746
7/20/2017,0.648799695
7/21/2017,0.647789644
7/22/2017,0.646779592
7/23/2017,0.645769541
7/24/2017,0.64475949
7/25/2017,0.643749439
7/26/2017,0.642739388
7/27/2017,0.641729337
7/28/2017,0.640719286
7/29/2017,0.639709235
7/30/2017,0.638699184
7/31/2017,0.637689133
8/1/2017,0.636679082
8/2/2017,0.626403373
8/3/2017,0.616127664
8/4/2017,0.605851954
8/5/2017,0.595576245
8/6/2017,0.585300536
8/7/2017,0.575024827
8/8/2017,0.564749118
8/9/2017,0.554473409
8/10/2017,0.5441977
8/11/2017,0.533921991
8/12/2017,0.523646282
8/13/2017,0.513370573
8/14/2017,0.503094864
8/15/2017,0.492819155
8/16/2017,0.482543446
8/17/2017,0.472267737
8/18/2017,0.461992028
8/19/2017,0.451716319
8/20/2017,0.44144061
8/21/2017,0.431164901
8/22/2017,0.420889192
8/23/2017,0.410613483
8/24/2017,0.400337774
8/25/2017,0.390062065
8/26/2017,0.379786356
8/27/2017,0.369510646
8/28/2017,0.359234937
8/29/2017,0.348959228
8/30/2017,0.338683519
8/31/2017,0.32840781
9/1/2017,0.318132101
9/2/2017,0.325775698
9/3/2017,0.333419295
9/4/2017,0.341062892
9/5/2017,0.348706489
9/6/2017,0.356350086
9/7/2017,0.363993683
9/8/2017,0.371637279
9/9/2017,0.379280876
9/10/2017,0.386924473
9/11/2017,0.39456807
9/12/2017,0.402211667
9/13/2017,0.409855264
9/14/2017,0.417498861
9/15/2017,0.425142458
9/16/2017,0.432786054
9/17/2017,0.440429651
9/18/2017,0.448073248
9/19/2017,0.455716845
9/20/2017,0.463360442
9/21/2017,0.471004039
9/22/2017,0.478647636
9/23/2017,0.486291233
9/24/2017,0.493934829
9/25/2017,0.501578426
9/26/2017,0.509222023
9/27/2017,0.51686562
9/28/2017,0.524509217
9/29/2017,0.532152814
9/30/2017,0.539796411
10/1/2017,0.547440008
10/2/2017,0.551685066
10/3/2017,0.555930125
10/4/2017,0.560175183
10/5/2017,0.564420241
10/6/2017,0.5686653
10/7/2017,0.572910358
10/8/2017,0.577155417
10/9/2017,0.581400475
10/10/2017,0.585645534
10/11/2017,0.589890592
10/12/2017,0.594135651
10/13/2017,0.598380709
10/14/2017,0.602625768
10/15/2017,0.606870826
10/16/2017,0.611115885
10/17/2017,0.615360943
10/18/2017,0.619606002
10/19/2017,0.62385106
10/20/2017,0.628096119
10/21/2017,0.632341177
10/22/2017,0.636586236
10/23/2017,0.640831294
10/24/2017,0.645076353
10/25/2017,0.649321411
10/26/2017,0.65356647
10/27/2017,0.657811528
10/28/2017,0.662056587
10/29/2017,0.666301645
10/30/2017,0.670546704
10/31/2017,0.674791762
11/1/2017,0.679036821
11/2/2017,0.686380494
11/3/2017,0.693724168
11/4/2017,0.701067842
11/5/2017,0.708411516
11/6/2017,0.71575519
11/7/2017,0.723098864
11/8/2017,0.730442538
11/9/2017,0.737786212
11/10/2017,0.745129885
11/11/2017,0.752473559
11/12/2017,0.759817233
11/13/2017,0.767160907
11/14/2017,0.774504581
11/15/2017,0.781848255
11/16/2017,0.789191929
11/17/2017,0.796535603
11/18/2017,0.803879276
11/19/2017,0.81122295
11/20/2017,0.818566624
11/21/2017,0.825910298
11/22/2017,0.833253972
11/23/2017,0.840597646
11/24/2017,0.84794132
11/25/2017,0.855284994
11/26/2017,0.862628668
11/27/2017,0.869972341
11/28/2017,0.877316015
11/29/2017,0.884659689
11/30/2017,0.892003363
12/1/2017,0.899347037
12/2/2017,0.902593907
12/3/2017,0.905840776
12/4/2017,0.909087646
12/5/2017,0.912334516
12/6/2017,0.915581386
12/7/2017,0.918828256
12/8/2017,0.922075125
12/9/2017,0.925321995
12/10/2017,0.928568865
12/11/2017,0.931815735
12/12/2017,0.935062604
12/13/2017,0.938309474
12/14/2017,0.941556344
12/15/2017,0.944803214
12/16/2017,0.948050084
12/17/2017,0.951296953
12/18/2017,0.954543823
12/19/2017,0.957790693
12/20/2017,0.961037563
12/21/2017,0.964284432
12/22/2017,0.967531302
12/23/2017,0.970778172
12/24/2017,0.974025042
12/25/2017,0.977271912
12/26/2017,0.980518781
12/27/2017,0.983765651
12/28/2017,0.987012521
12/29/2017,0.990259391
12/30/2017,0.99350626
12/31/2017,0.99675313
1/1/2018,1
1/2/2018,0.975561144
1/3/2018,0.951122287
1/4/2018,0.926683431
1/5/2018,0.902244575
1/6/2018,0.877805719
1/7/2018,0.853366862
1/8/2018,0.828928006
1/9/2018,0.80448915
1/10/2018,0.780050293
1/11/2018,0.755611437
1/12/2018,0.731172581
1/13/2018,0.706733725
1/14/2018,0.682294868
1/15/2018,0.657856012
1/16/2018,0.633417156
1/17/2018,0.608978299
1/18/2018,0.584539443
1/19/2018,0.560100587
1/20/2018,0.535661731
1/21/2018,0.511222874
1/22/2018,0.486784018
1/23/2018,0.462345162
1/24/2018,0.437906305
1/25/2018,0.413467449
1/26/2018,0.389028593
1/27/2018,0.364589737
1/28/2018,0.34015088
1/29/2018,0.315712024
1/30/2018,0.291273168
1/31/2018,0.266834311
2/1/2018,0.242395455
2/2/2018,0.263603201
2/3/2018,0.284810947
2/4/2018,0.306018693
2/5/2018,0.327226439
2/6/2018,0.348434185
2/7/2018,0.369641931
2/8/2018,0.390849677
2/9/2018,0.412057423
2/10/2018,0.433265169
2/11/2018,0.454472915
2/12/2018,0.475680661
2/13/2018,0.496888407
2/14/2018,0.518096153
2/15/2018,0.539303899
2/16/2018,0.560511645
2/17/2018,0.581719391
2/18/2018,0.602927137
2/19/2018,0.624134883
2/20/2018,0.645342629
2/21/2018,0.666550375
2/22/2018,0.687758121
2/23/2018,0.708965867
2/24/2018,0.730173613
2/25/2018,0.751381359
2/26/2018,0.772589105
2/27/2018,0.793796851
2/28/2018,0.815004597
3/1/2018,0.836212343
3/2/2018,0.823362117
3/3/2018,0.810511892
3/4/2018,0.797661667
3/5/2018,0.784811441
3/6/2018,0.771961216
3/7/2018,0.759110991
3/8/2018,0.746260765
3/9/2018,0.73341054
3/10/2018,0.720560315
3/11/2018,0.70771009
3/12/2018,0.694859864
3/13/2018,0.682009639
3/14/2018,0.669159414
3/15/2018,0.656309188
3/16/2018,0.643458963
3/17/2018,0.630608738
3/18/2018,0.617758512
3/19/2018,0.604908287
3/20/2018,0.592058062
3/21/2018,0.579207836
3/22/2018,0.566357611
3/23/2018,0.553507386
3/24/2018,0.540657161
3/25/2018,0.527806935
3/26/2018,0.51495671
3/27/2018,0.502106485
3/28/2018,0.489256259
3/29/2018,0.476406034
3/30/2018,0.463555809
3/31/2018,0.450705583
4/1/2018,0.437855358
4/2/2018,0.44975178
4/3/2018,0.461648201
4/4/2018,0.473544623
4/5/2018,0.485441045
4/6/2018,0.497337466
4/7/2018,0.509233888
4/8/2018,0.52113031
4/9/2018,0.533026731
4/10/2018,0.544923153
4/11/2018,0.556819575
4/12/2018,0.568715996
4/13/2018,0.580612418
4/14/2018,0.59250884
4/15/2018,0.604405261
4/16/2018,0.616301683
4/17/2018,0.628198105
4/18/2018,0.640094526
4/19/2018,0.651990948
4/20/2018,0.66388737
4/21/2018,0.675783791
4/22/2018,0.687680213
4/23/2018,0.699576635
4/24/2018,0.711473056
4/25/2018,0.723369478
4/26/2018,0.7352659
4/27/2018,0.747162321
4/28/2018,0.759058743
4/29/2018,0.770955165
4/30/2018,0.782851586
5/1/2018,0.794748008
5/2/2018,0.789470086
5/3/2018,0.784192164
5/4/2018,0.778914243
5/5/2018,0.773636321
5/6/2018,0.768358399
5/7/2018,0.763080477
5/8/2018,0.757802555
5/9/2018,0.752524633
5/10/2018,0.747246712
5/11/2018,0.74196879
5/12/2018,0.736690868
5/13/2018,0.731412946
5/14/2018,0.726135024
5/15/2018,0.720857102
5/16/2018,0.715579181
5/17/2018,0.710301259
5/18/2018,0.705023337
5/19/2018,0.699745415
5/20/2018,0.694467493
5/21/2018,0.689189571
5/22/2018,0.68391165
5/23/2018,0.678633728
5/24/2018,0.673355806
5/25/2018,0.668077884
5/26/2018,0.662799962
5/27/2018,0.65752204
5/28/2018,0.652244119
5/29/2018,0.646966197
5/30/2018,0.641688275
5/31/2018,0.636410353
6/1/2018,0.631132431
6/2/2018,0.637658683
6/3/2018,0.644184935
6/4/2018,0.650711188
6/5/2018,0.65723744
6/6/2018,0.663763692
6/7/2018,0.670289944
6/8/2018,0.676816196
6/9/2018,0.683342448
6/10/2018,0.6898687
6/11/2018,0.696394952
6/12/2018,0.702921204
6/13/2018,0.709447457
6/14/2018,0.715973709
6/15/2018,0.722499961
6/16/2018,0.729026213
6/17/2018,0.735552465
6/18/2018,0.742078717
6/19/2018,0.748604969
6/20/2018,0.755131221
6/21/2018,0.761657473
6/22/2018,0.768183725
6/23/2018,0.774709978
6/24/2018,0.78123623
6/25/2018,0.787762482
6/26/2018,0.794288734
6/27/2018,0.800814986
6/28/2018,0.807341238
6/29/2018,0.81386749
6/30/2018,0.820393742
,0.826919994
