"Date","bookings","pred","res"
2013-01-28,0.810750812675433,1.30802680086344,0.497275988188012
2013-01-29,0.79252156982934,1.30099695920944,0.508475389380102
2013-01-30,0.816799773764595,1.30491079483181,0.488111021067217
2013-01-31,0.816799773764595,1.23543128557503,0.418631511810437
2013-02-01,0.816799773764595,1.22597252670676,0.40917275294216
2013-02-02,0.883441389091253,1.21765693929046,0.334215550199211
2013-02-03,0.910307647447717,1.22401210200042,0.313704454552698
2013-02-04,0.891165730896361,1.25214998889714,0.360984258000784
2013-02-05,0.909736215513987,1.18962506670505,0.279888851191061
2013-02-06,0.891293892003002,1.20876718126237,0.317473289259372
2013-02-07,0.891293892003002,1.21663505863398,0.325341166630981
2013-02-08,0.891293892003002,1.19614970777184,0.304855815768836
2013-02-09,0.884138565650995,1.1730188941583,0.288880328507309
2013-02-10,0.894383217993641,1.16697451099753,0.272591293003893
2013-02-11,0.833311461793003,1.19860704895109,0.365295587158086
2013-02-12,0.844634414287348,1.19732231926173,0.352687904974382
2013-02-13,0.914105845623556,1.16530980076641,0.251203955142853
2013-02-14,0.914105845623556,1.18446953594685,0.27036369032329
2013-02-15,0.914105845623556,1.15957128442824,0.245465438804683
2013-02-16,0.867000632170222,1.13227094616741,0.265270313997187
2013-02-17,0.85846611588006,1.08751081395894,0.229044698078883
2013-02-18,0.845932971737574,1.01767687965184,0.17174390791427
2013-02-19,0.887667051035534,0.976940987631679,0.0892739365961449
2013-02-20,0.88467893226607,0.922581011429429,0.0379020791633593
2013-02-21,0.88467893226607,0.921818040311337,0.0371391080452668
2013-02-22,0.88467893226607,0.880073266103864,-0.00460566616220603
2013-02-23,0.858071211521006,0.840166366659105,-0.0179048448619016
2013-02-24,0.85735730867356,0.79724392015487,-0.0601133885186901
2013-02-25,0.876337246603865,0.800301411189139,-0.0760358354147264
2013-02-26,0.834606893953953,0.717318730428815,-0.117288163525138
2013-02-27,0.850306103161324,0.750624622218311,-0.0996814809430129
2013-02-28,0.850306103161324,0.747257738374174,-0.10304836478715
2013-03-01,0.850306103161324,0.768083863891661,-0.0822222392696625
2013-03-02,0.853302522017885,0.789998109452426,-0.0633044125654583
2013-03-03,0.854544786404892,0.841100785881281,-0.0134440005236109
2013-03-04,0.880643862200425,0.843079539015889,-0.037564323184536
2013-03-05,0.85897574284056,0.850768619216979,-0.00820712362358167
2013-03-06,0.811996189093864,0.84517558850348,0.033179399409616
2013-03-07,0.811996189093864,0.868246755562723,0.0562505664688587
2013-03-08,0.811996189093864,0.895996008999646,0.0839998199057818
2013-03-09,0.801254573387646,0.923088109120727,0.12183353573308
2013-03-10,0.819889434931642,0.979614219628274,0.159724784696633
2013-03-11,0.801468352829276,0.985026673413813,0.183558320584537
2013-03-12,0.801509809210885,1.07713562902063,0.275625819809746
2013-03-13,0.804086804776978,1.06649390049279,0.262407095715809
2013-03-14,0.804086804776978,1.0782245695591,0.274137764782119
2013-03-15,0.804086804776978,1.09634867496789,0.292261870190907
2013-03-16,0.767898984605382,1.11179390363395,0.34389491902857
2013-03-17,0.804489692841908,1.18251352477819,0.37802383193628
2013-03-18,0.765223995516561,1.21734102722257,0.452117031706013
2013-03-19,1.18882154703454,1.25381962582469,0.0649980787901465
2013-03-20,1.22204846055307,1.28323970455676,0.0611912440036941
2013-03-21,1.22204846055307,1.26795798260719,0.0459095220541168
2013-03-22,1.22204846055307,1.27287192549556,0.0508234649424959
2013-03-23,1.21752285763169,1.27819164004177,0.0606687824100833
2013-03-24,1.18648799485241,1.26408024504781,0.0775922501953974
2013-03-25,1.14948476943718,1.25392337143421,0.104438601997031
2013-03-26,1.16561149348418,1.31371775828302,0.148106264798834
2013-03-27,1.16556336137085,1.33089738152921,0.165334020158359
2013-03-28,1.16556336137085,1.29097950737923,0.125416146008381
2013-03-29,1.16556336137085,1.30696150287986,0.141398141509005
2013-03-30,1.18122277031942,1.32589999865741,0.144677228337988
2013-03-31,1.15737819081966,1.3361741034314,0.17879591261174
2013-04-01,1.16728810593733,1.37330027669668,0.206012170759357
2013-04-02,1.16468242398325,1.37823468632996,0.213552262346711
2013-04-03,1.23200435504382,1.44283103663474,0.210826681590923
2013-04-04,1.23200435504382,1.46945405565202,0.237449700608202
2013-04-05,1.23200435504382,1.49422772042453,0.262223365380712
2013-04-06,1.33950808669411,1.51917834300548,0.179670256311366
2013-04-07,1.28737227348238,1.51210785470903,0.224735581226647
2013-04-08,1.30289595705905,1.45035428088158,0.147458323822537
2013-04-09,0.880194826474771,1.4664346082136,0.586239781738833
2013-04-10,0.833295370150257,1.45529277157038,0.621997401420128
2013-04-11,0.833295370150257,1.44760572444648,0.614310354296219
2013-04-12,0.833295370150257,1.46435146778822,0.631056097637963
2013-04-13,0.885380794134379,1.47769048530608,0.592309691171706
2013-04-14,1.09861960698609,1.49082071054727,0.392201103561183
2013-04-15,1.13537249273264,1.48365256469697,0.34828007196433
2013-04-16,1.32397811161524,1.48168579861522,0.157707686999978
2013-04-17,1.36922742320817,1.48675263673067,0.117525213522499
2013-04-18,1.36922742320817,1.51770073268563,0.148473309477454
2013-04-19,1.36922742320817,1.51051664259285,0.141289219384676
2013-04-20,1.37184121902345,1.50155609007925,0.129714871055795
2013-04-21,1.39950431615449,1.48999141715467,0.0904871010001749
2013-04-22,1.3889364214303,1.49079003464431,0.101853613214006
2013-04-23,1.34161674356002,1.47136249486357,0.129745751303554
2013-04-24,1.40372204105205,1.45744713488966,0.0537250938376155
2013-04-25,1.40372204105205,1.43777372129261,0.0340516802405681
2013-04-26,1.40372204105205,1.4333608103916,0.0296387693395581
2013-04-27,1.3241051386443,1.43107801955193,0.106972880907637
2013-04-28,1.3627221015922,1.42874866724014,0.0660265656479397
2013-04-29,1.37527093744354,1.46470967214555,0.0894387347020091
2013-04-30,1.45207219077759,1.4646413307637,0.0125691399861048
2013-05-01,1.48789014751321,1.46369620878249,-0.024193938730718
2013-05-02,1.48789014751321,1.50000719260424,0.0121170450910317
2013-05-03,1.48789014751321,1.48750364966691,-0.000386497846306622
2013-05-04,1.46115134507517,1.47658352088183,0.0154321758066611
2013-05-05,1.2934625425315,1.50510494038463,0.211642397853129
2013-05-06,1.26417168462192,1.49903236608952,0.234860681467606
2013-05-07,1.10270878964945,1.48697838187218,0.384269592222723
2013-05-08,1.08072304528009,1.48385298624635,0.403129940966261
2013-05-09,1.08072304528009,1.45129467174411,0.370571626464022
2013-05-10,1.08072304528009,1.45293151121587,0.372208465935779
2013-05-11,1.0782300976217,1.45239389315248,0.374163795530772
2013-05-12,1.05616206094022,1.49952858313918,0.443366522198962
2013-05-13,1.11570721928956,1.4847209546715,0.369013735381938
2013-05-14,1.14062635872152,1.4338769922033,0.293250633481778
2013-05-15,1.0300055156811,1.39560844097286,0.365602925291765
2013-05-16,1.0300055156811,1.36917854100466,0.339173025323558
2013-05-17,1.0300055156811,1.34795058052987,0.317945064848769
2013-05-18,0.957345265672322,1.32456580270082,0.367220537028496
2013-05-19,0.959363744448522,1.26740139164031,0.308037647191783
2013-05-20,0.956098045426467,1.22663751710206,0.270539471675596
2013-05-21,0.891161203323647,1.17253257427365,0.281371370949999
2013-05-22,0.928500823960382,1.17174081690609,0.243239992945713
2013-05-23,0.928500823960382,1.12508281972259,0.196581995762211
2013-05-24,0.928500823960382,1.09544541407377,0.166944590113384
2013-05-25,0.940683272587848,1.06787126790732,0.127187995319473
2013-05-26,1.0146906406145,1.04201463423669,0.0273239936221923
2013-05-27,1.11948762053833,1.01806933432817,-0.101418286210154
2013-05-28,1.07971033868284,1.02470799162984,-0.0550023470530001
2013-05-29,1.08432682930502,1.02429135888815,-0.0600354704168673
2013-05-30,1.08432682930502,1.05693315993994,-0.0273936693650718
2013-05-31,1.08432682930502,1.05226425547153,-0.032062573833489
2013-06-01,1.0798384791295,1.05317872576416,-0.026659753365343
2013-06-02,1.10126116175341,1.05384947080165,-0.0474116909517575
2013-06-03,1.06067139668446,1.06401344854385,0.0033420518593914
2013-06-04,1.08119714453072,1.12708831205964,0.0458911675289231
2013-06-05,1.04857662686683,1.21678312681615,0.168206499949326
2013-06-06,1.04857662686683,1.24745279643685,0.198876169570019
2013-06-07,1.04857662686683,1.26181844994426,0.213241823077431
2013-06-08,1.11078831945488,1.27610379364341,0.165315474188538
2013-06-09,1.18553761850589,1.31678769271821,0.131250074212321
2013-06-10,1.27348889912679,1.36270085163414,0.089211952507352
2013-06-11,1.36148925578199,1.38559351675212,0.0241042609701383
2013-06-12,1.30788916855879,1.37515358068049,0.067264412121699
2013-06-13,1.30788916855879,1.3741578226909,0.0662686541321136
2013-06-14,1.30788916855879,1.37920132279396,0.07131215423517
2013-06-15,1.32371220999068,1.3818815369159,0.0581693269252179
2013-06-16,1.24132131587741,1.36285823024809,0.121536914370683
2013-06-17,1.15726174771809,1.34912331029773,0.191861562579633
2013-06-18,1.25380484895122,1.36514153797179,0.111336689020578
2013-06-19,1.34429253980886,1.35515847243369,0.0108659326248239
2013-06-20,1.34429253980886,1.39968475792557,0.0553922181167077
2013-06-21,1.34429253980886,1.39987791515887,0.0555853753500055
2013-06-22,1.35661916592485,1.40057690721005,0.043957741285197
2013-06-23,1.3693236329921,1.4033155972138,0.033991964221705
2013-06-24,1.39360705110398,1.42874492984265,0.0351378787386676
2013-06-25,1.32349822337728,1.32942614611238,0.00592792273509768
2013-06-26,1.31844023343681,1.27694067545235,-0.041499557984461
2013-06-27,1.31844023343681,1.25625732261688,-0.0621829108199374
2013-06-28,1.31844023343681,1.26326715759933,-0.0551730758374827
2013-06-29,1.32568592238447,1.25916224624962,-0.066523676134858
2013-06-30,1.20176157285792,1.26590436324477,0.0641427903868546
2013-07-01,1.15575442006988,1.2586652636528,0.10291084358292
2013-07-02,1.11968199216383,1.19501246698201,0.075330474818174
2013-07-03,1.10569505724188,1.13344905897975,0.0277540017378666
2013-07-04,1.10569505724188,1.13020588736981,0.0245108301279284
2013-07-05,1.10569505724188,1.14405452553183,0.0383594682899453
2013-07-06,1.09349110448755,1.15843539312482,0.0649442886372709
2013-07-07,1.09236002399932,1.18072603456676,0.0883660105674373
2013-07-08,1.07690829905196,1.18980334792286,0.112895048870901
2013-07-09,0.999985771559893,1.14701005537063,0.147024283810736
2013-07-10,1.12597623291316,1.11461036186665,-0.0113658710465057
2013-07-11,1.12597623291316,1.03470850083977,-0.0912677320733888
2013-07-12,1.12597623291316,1.0216051992029,-0.104371033710263
2013-07-13,1.16252494929734,1.0052306689322,-0.157294280365136
2013-07-14,1.1435455767285,0.942190836183727,-0.201354740544778
2013-07-15,1.14163205728082,0.943123240955174,-0.198508816325643
2013-07-16,1.19545454466264,0.944544916041195,-0.250909628621447
2013-07-17,1.23330330363819,0.982984365895391,-0.250318937742803
2013-07-18,1.23330330363819,1.02203928120434,-0.211264022433851
2013-07-19,1.23330330363819,1.00519978161901,-0.228103522019182
2013-07-20,1.20098905918055,0.986389132216573,-0.214599926963974
2013-07-21,1.21084625314556,0.955566735938191,-0.255279517207373
2013-07-22,1.16655872729819,0.947709768079221,-0.21884895921897
2013-07-23,1.12327712117536,0.965959017165005,-0.157318104010359
2013-07-24,1.25183518226211,0.988707169890404,-0.263128012371707
2013-07-25,1.25183518226211,0.994269894436002,-0.257565287826109
2013-07-26,1.25183518226211,0.980012936517596,-0.271822245744515
2013-07-27,1.63012665081501,0.967682210728526,-0.662444440086486
2013-07-28,1.6581346023252,0.976748512126505,-0.681386090198691
2013-07-29,1.69965517897933,0.927589667029679,-0.772065511949647
2013-07-30,1.69914573696453,0.883203598670661,-0.815942138293866
2013-07-31,1.4535893546783,0.951661339960992,-0.501928014717311
2013-08-01,1.4535893546783,0.9495586194098,-0.504030735268504
2013-08-02,1.4535893546783,0.971977727487683,-0.48161162719062
2013-08-03,1.43722780044254,0.995967971161008,-0.441259829281529
2013-08-04,1.40280238579074,1.04448699112982,-0.35831539466092
2013-08-05,1.38253590285363,1.08435613755137,-0.298179765302264
2013-08-06,1.46169674999791,1.162139412947,-0.299557337050916
2013-08-07,1.54365491897938,1.14201648905873,-0.401638429920643
2013-08-08,1.54365491897938,1.17382072750479,-0.369834191474586
2013-08-09,1.54365491897938,1.18663062062114,-0.357024298358231
2013-08-10,1.59918927771945,1.19719065260142,-0.401998625118029
2013-08-11,1.63231924610209,1.22073812130839,-0.411581124793706
2013-08-12,1.65881664656041,1.23881354928017,-0.420003097280242
2013-08-13,1.68924618001413,1.69139269273728,0.00214651272314748
2013-08-14,1.8820827440518,1.71753057837486,-0.164552165676938
2013-08-15,1.8820827440518,1.71531718969345,-0.16676555435835
2013-08-16,1.8820827440518,1.71733854617923,-0.164744197872566
2013-08-17,1.46296459531524,1.71682364679873,0.253859051483495
2013-08-18,1.43336613665601,1.70469048246741,0.271324345811398
2013-08-19,1.40035645623894,1.70814919006079,0.307792733821858
2013-08-20,1.37995127482777,1.70923959743232,0.329288322604544
2013-08-21,1.41090866169938,1.68600642122328,0.275097759523907
2013-08-22,1.41090866169938,1.71496590413153,0.304057242432156
2013-08-23,1.41090866169938,1.71100851893425,0.300099857234874
2013-08-24,1.34929617781554,1.70865686889738,0.359360691081839
2013-08-25,1.34425541966334,1.68356918916106,0.33931376949772
2013-08-26,1.35696789940969,1.66887380555272,0.31190590614303
2013-08-27,1.28047121498903,1.57075856812298,0.290287353133956
2013-08-28,1.14585111900767,1.61455251183361,0.468701392825941
2013-08-29,1.14585111900767,1.50177413970232,0.355923020694653
2013-08-30,1.14585111900767,1.50993305817246,0.364081939164798
2013-08-31,1.23134161603435,1.52139898575842,0.290057369724071
2013-09-01,1.23626202704878,1.55810445919633,0.321842432147553
2013-09-02,1.21001976585204,1.54481393843889,0.334794172586852
2013-09-03,1.2060117201118,1.10890402738005,-0.0971076927317469
2013-09-04,0.913884060897251,1.13304320164025,0.219159140742997
2013-09-05,0.913884060897251,1.37429839558899,0.460414334691743
2013-09-06,0.913884060897251,1.38692367076874,0.473039609871487
2013-09-07,0.9724215826054,1.39940835721791,0.426986774612508
2013-09-08,0.958795814683328,1.41879333741963,0.459997522736301
2013-09-09,0.998062182080929,1.4947450235486,0.496682841467674
2013-09-10,1.0726456505348,1.50615472253412,0.433509071999316
2013-09-11,1.07291351216165,1.61422673985362,0.54131322769197
2013-09-12,1.07291351216165,1.64905691891909,0.576143406757436
2013-09-13,1.07291351216165,1.65243190154433,0.579518389382682
2013-09-14,1.26215761248856,1.65320349670947,0.391045884220905
2013-09-15,1.30650219902337,1.69288836792111,0.386386168897745
2013-09-16,1.31848060540363,1.68614273983985,0.367662134436221
2013-09-17,1.31508226387863,1.70087528973818,0.385793025859545
2013-09-18,1.55800443289805,1.65358623396605,0.0955818010680045
2013-09-19,1.55800443289805,1.73166462592781,0.173660193029758
2013-09-20,1.55800443289805,1.72971989493817,0.171715462040123
2013-09-21,1.41240005952172,1.72791451588273,0.315514456361011
2013-09-22,1.36266955271273,1.72595387417823,0.363284321465502
2013-09-23,1.41549227645897,1.73243681527674,0.316944538817776
2013-09-24,1.38278929854131,1.70053249411285,0.317743195571544
2013-09-25,1.36263900371225,1.71332856360823,0.350689559895981
2013-09-26,1.36263900371225,1.48795443959534,0.125315435883094
2013-09-27,1.36263900371225,1.49972009565681,0.137081091944564
2013-09-28,2.03825177550843,1.51453193742782,-0.523719838080612
2013-09-29,2.14332947855634,1.5918740183115,-0.551455460244834
2013-09-30,2.11804488495489,1.63070485088974,-0.48734003406515
2013-10-01,2.08276382633459,1.6712781265378,-0.41148569979679
2013-10-02,2.06427461473722,1.60589165613055,-0.458382958606664
2013-10-03,2.06427461473722,1.62289785780013,-0.44137675693709
2013-10-04,2.06427461473722,1.65085970051587,-0.41341491422135
2013-10-05,1.9140791641294,1.67950877547264,-0.234570388656757
2013-10-06,1.9256414304952,1.76329241320491,-0.162349017290294
2013-10-07,1.92881221748914,1.80929192248732,-0.11952029500182
2013-10-08,1.93893666497609,1.96280472073704,0.0238680557609492
2013-10-09,1.78938119248049,1.97953128255904,0.190150090078547
2013-10-10,1.78938119248049,2.03776178508997,0.248380592609479
2013-10-11,1.78938119248049,2.059829775244,0.270448582763507
2013-10-12,1.8566420056308,2.07872918527573,0.222087179644933
2013-10-13,1.90794383936348,2.11244856845587,0.204504729092396
2013-10-14,1.8485595561467,2.13451076485217,0.285951208705466
2013-10-15,1.9270796130517,2.17903353460133,0.251953921549633
2013-10-16,2.04123440661613,2.23765705805272,0.19642265143659
2013-10-17,2.04123440661613,2.30672877561301,0.265494368996881
2013-10-18,2.04123440661613,2.29665448982269,0.255420083206557
2013-10-19,1.35236246250906,2.28452385030687,0.932161387797808
2013-10-20,1.26308703565334,2.20772937498987,0.94464233933653
2013-10-21,1.27273040595462,2.11153780575842,0.838807399803793
2013-10-22,1.3060153097434,2.03529823478311,0.729282925039717
2013-10-23,1.36698918751822,2.0841807667166,0.717191579198378
2013-10-24,1.36698918751822,2.07112332060933,0.70413413309111
2013-10-25,1.36698918751822,2.06628859136254,0.699299403844315
2013-10-26,1.46625219556988,2.06340526975691,0.597153074187029
2013-10-27,1.4291847807402,2.06026598159224,0.631081200852034
2013-10-28,1.49261620377698,2.05309480335563,0.560478599578658
2013-10-29,1.60716651541148,1.97665284946561,0.369486334054127
2013-10-30,1.59946201705973,2.03905971907079,0.43959770201106
2013-10-31,1.59946201705973,1.93038785271347,0.330925835653734
2013-11-01,1.59946201705973,1.94171415269375,0.342252135634017
2013-11-02,1.85486804294298,1.95287780463696,0.0980097616939748
2013-11-03,2.01848413615725,1.98983455821872,-0.0286495779385292
2013-11-04,2.02805406268082,1.97629270423204,-0.0517613584487875
2013-11-05,1.98442255604562,1.93472771905363,-0.049694836991989
2013-11-06,1.90221174050468,1.9466582108289,0.0444464703242158
2013-11-07,1.90221174050468,1.95047104731202,0.0482593068073367
2013-11-08,1.90221174050468,1.96473944187164,0.0625277013669585
2013-11-09,2.11280792284726,1.97714417520911,-0.135663747638156
2013-11-10,2.17197289018324,2.05887995939702,-0.113092930786222
2013-11-11,2.18368908045489,2.14622895605862,-0.0374601243962704
2013-11-12,2.15089170582033,2.22626234497875,0.0753706391584221
2013-11-13,2.25575440631459,2.16724241990596,-0.0885119864086255
2013-11-14,2.25575440631459,2.11353618931025,-0.142218217004333
2013-11-15,2.25575440631459,2.10642753355205,-0.149326872762535
2013-11-16,2.28767263614576,2.09692933037877,-0.19074330576699
2013-11-17,2.34638172358856,2.08634007815272,-0.260041645435845
2013-11-18,2.31805962081433,2.07852121628821,-0.239538404526124
2013-11-19,2.1402965530891,2.06384209915996,-0.0764544539291441
2013-11-20,2.03392956028563,2.01904908474535,-0.0148804755402852
2013-11-21,2.03392956028563,2.03009235020727,-0.00383721007836346
2013-11-22,2.03392956028563,2.23139028064907,0.197460720363433
2013-11-23,1.79676474181348,2.21945870853961,0.422693966726126
2013-11-24,1.63636256144752,2.20392127428204,0.567558712834515
2013-11-25,1.69773077109953,2.27152484189719,0.57379407079766
2013-11-26,1.69252050677246,2.35554684884846,0.663026342075998
2013-11-27,1.78336114367801,2.32128053065389,0.537919386975889
2013-11-28,1.78336114367801,2.31714018061757,0.533779036939566
2013-11-29,1.78336114367801,2.29216188378632,0.508800740108316
2013-11-30,1.59814922707016,2.27079996932298,0.672650742252816
2013-12-01,1.52334479459935,2.25322667229921,0.729881877699856
2013-12-02,1.4949135304737,2.2386216474697,0.743708116996002
2013-12-03,1.48136941544991,2.16162495594472,0.680255540494804
2013-12-04,1.50720603114681,2.30580569431186,0.798599663165045
2013-12-05,1.50720603114681,2.4139019837603,0.906695952613485
2013-12-06,1.50720603114681,2.39754003938287,0.890334008236062
2013-12-07,1.43152985097487,2.38145962636918,0.949929775394309
2013-12-08,1.36050013362364,2.38123454432935,1.0207344107057
2013-12-09,1.3261657340388,2.28856421355158,0.962398479512786
2013-12-10,1.52428737053488,2.28356538340449,0.759278012869618
2013-12-11,1.5964995454073,2.2822098666802,0.685710321272902
2013-12-12,1.5964995454073,2.3307939786464,0.734294433239095
2013-12-13,1.5964995454073,2.30131110176444,0.704811556357138
2013-12-14,1.56624267416942,2.26939461380243,0.703151939633018
2013-12-15,1.47589195313758,2.18337303772569,0.707481084588106
2013-12-16,1.36045120602167,2.06850360892713,0.70805240290546
2013-12-17,1.35644434225425,2.0361858624965,0.679741520242247
2013-12-18,1.32464618088413,1.93930601328611,0.61465983240198
2013-12-19,1.32464618088413,2.05597193259746,0.731325751713324
2013-12-20,1.32464618088413,2.01838535256684,0.693739171682704
2013-12-21,1.22830507448257,1.98085889220238,0.752553817719802
2013-12-22,1.21401590285792,1.90031046140939,0.686294558551473
2013-12-23,1.16046842170528,1.79310187883675,0.632633457131475
2013-12-24,1.13277626413728,1.74374556448311,0.610969300345829
2013-12-25,0.891457122542905,1.60461501311511,0.713157890572203
2013-12-26,0.891457122542905,1.54366115294397,0.652204030401064
2013-12-27,0.891457122542905,1.52081600017846,0.629358877635552
2013-12-28,0.8966031988875,1.50102805811912,0.604424859231618
2013-12-29,1.00375890416139,1.4613229772076,0.457564073046209
2013-12-30,1.02961281202773,1.28363314457238,0.254020332544648
2013-12-31,0.884866501685527,1.34585638251156,0.46098988082603
2014-01-01,0.861862768819442,1.24872217979282,0.386859410973379
2014-01-02,0.861862768819442,1.24930715654045,0.387444387721011
2014-01-03,0.861862768819442,1.30279625300318,0.440933484183738
2014-01-04,0.8677252482648,1.35713529027998,0.489410042015184
2014-01-05,0.918724023914247,1.44885337445885,0.530129350544602
2014-01-06,1.04381863403463,1.53126740735024,0.487448773315609
2014-01-07,1.11186261725752,1.28831170685589,0.176449089598376
2014-01-08,1.01073335353077,1.39297289401293,0.382239540482159
2014-01-09,1.01073335353077,1.33690911438316,0.326175760852392
2014-01-10,1.01073335353077,1.38894459977746,0.378211246246691
2014-01-11,1.19542227719069,1.43778689112514,0.24236461393445
2014-01-12,1.24971191642385,1.46786703169346,0.218155115269607
2014-01-13,1.28254219922828,1.50121929962188,0.218677100393601
2014-01-14,1.32227352675742,1.56593127455562,0.243657747798202
2014-01-15,1.4156210882238,1.58133528754115,0.165714199317353
2014-01-16,1.4156210882238,1.61382296402007,0.198201875796276
2014-01-17,1.4156210882238,1.63165895733982,0.216037869116026
2014-01-18,1.53277419338599,1.64707285072654,0.114298657340559
2014-01-19,1.44116419932526,1.64802228752524,0.20685808819998
2014-01-20,1.43565738911201,1.64568946696818,0.210032077856166
2014-01-21,1.55935930179371,1.67641181498766,0.117052513193948
2014-01-22,1.56548411366361,1.69909600261599,0.133611888952374
2014-01-23,1.56548411366361,1.73288524057716,0.167401126913547
2014-01-24,1.56548411366361,1.76270117238164,0.197217058718026
2014-01-25,1.52705543276945,1.79406378325075,0.267008350481297
2014-01-26,1.5866797533183,1.83379027899355,0.247110525675252
2014-01-27,1.50855519035752,1.84686363954097,0.338308449183452
2014-01-28,1.42517416648674,1.83017999492586,0.405005828439119
2014-01-29,1.44170685730562,1.78894987050444,0.347243013198818
2014-01-30,1.44170685730562,1.75383895542473,0.312132098119105
2014-01-31,1.44170685730562,1.74705896433443,0.305352107028807
2014-02-01,1.32917077673086,1.74405613821,0.414885361479143
2014-02-02,1.30086588585665,1.75980112329125,0.458935237434605
2014-02-03,1.51080727886185,1.73854583129287,0.227738552431019
2014-02-04,1.50883266498291,1.74799535050988,0.23916268552697
2014-02-05,1.50102101645096,1.75528520718217,0.254264190731212
2014-02-06,1.50102101645096,1.7439303509891,0.242909334538147
2014-02-07,1.50102101645096,1.74129678402096,0.240275767570004
2014-02-08,1.31645437679912,1.7365760942921,0.420121717492985
2014-02-09,1.3085662970051,1.7315754648298,0.423009167824698
2014-02-10,1.30689466426723,1.69235038105398,0.385455716786755
2014-02-11,1.26383195139069,1.65576196834445,0.391930016953764
2014-02-12,1.3805889947436,1.63875313382596,0.258164139082359
2014-02-13,1.3805889947436,1.6522247903049,0.2716357955613
2014-02-14,1.3805889947436,1.62155249901116,0.24096350426756
2014-02-15,1.37022886412378,1.58798066340387,0.217751799280086
2014-02-16,1.30337059747166,1.54620155412704,0.242830956655382
2014-02-17,1.34897443996547,1.51357654202729,0.164602102061822
2014-02-18,1.37068115177028,1.46207290049642,0.0913917487261386
2014-02-19,1.43347324104784,1.49204763397574,0.0585743929279083
2014-02-20,1.43347324104784,1.44695683009923,0.0134835890513891
2014-02-21,1.43347324104784,1.42530367709696,-0.00816956395087298
2014-02-22,1.42731940798669,1.38659263774753,-0.040726770239168
2014-02-23,1.50541660797494,1.35384222213179,-0.151574385843148
2014-02-24,1.3267501595144,1.32130173221231,-0.00544842730209982
2014-02-25,1.34114194730922,1.33194082416594,-0.00920112314327781
2014-02-26,1.43348313475116,1.27583006024361,-0.157653074507557
2014-02-27,1.43348313475116,1.29253157693893,-0.140951557812237
2014-02-28,1.43348313475116,1.30827149096876,-0.1252116437824
2014-03-01,1.65684065999815,1.32937160693109,-0.327469053067057
2014-03-02,1.72007994935315,1.35923575051129,-0.360844198841866
2014-03-03,1.72522434490035,1.41593205928802,-0.309292285612329
2014-03-04,1.71803105130655,1.46691830828786,-0.251112743018695
2014-03-05,1.68526396778068,1.48574061598629,-0.199523351794392
2014-03-06,1.68526396778068,1.49226384982467,-0.193000117956013
2014-03-07,1.68526396778068,1.51554870791733,-0.169715259863347
2014-03-08,1.71928340315358,1.53895157855004,-0.180331824603542
2014-03-09,1.84754740839125,1.55930904112756,-0.288238367263683
2014-03-10,1.83759241062665,1.60193654708564,-0.235655863541011
2014-03-11,1.85520645329386,1.5936658103019,-0.261540642991963
2014-03-12,1.89213732504442,1.61814223695546,-0.273995088088955
2014-03-13,1.89213732504442,1.61900788545609,-0.273129439588334
2014-03-14,1.89213732504442,1.64386581163853,-0.248271513405885
2014-03-15,1.92157225456024,1.66162790544331,-0.259944349116931
2014-03-16,1.84145708036388,1.66831169184297,-0.17314538852091
2014-03-17,2.17758006048946,1.69495912641287,-0.482620934076593
2014-03-18,2.16238898832545,1.68777292594314,-0.47461606238231
2014-03-19,2.12265817252283,1.85861224867404,-0.264045923848793
2014-03-20,2.12265817252283,1.85632565803826,-0.26633251448457
2014-03-21,2.12265817252283,1.85411432106048,-0.26854385146235
2014-03-22,1.94663017006141,1.85152869485319,-0.0951014752082222
2014-03-23,1.91791326456597,1.84932363778353,-0.0685896267824391
2014-03-24,1.948928525235,1.8421442611143,-0.106784264120705
2014-03-25,1.97068272603228,1.82025682553649,-0.150425900495786
2014-03-26,1.96045137216991,1.83455231320113,-0.125899058968783
2014-03-27,1.96045137216991,1.84274926036596,-0.11770211180395
2014-03-28,1.96045137216991,1.846276210621,-0.114175161548913
2014-03-29,1.92004981064537,1.84761350881308,-0.0724363018322824
2014-03-30,1.83751263363262,1.86550960782915,0.027996974196534
2014-03-31,1.86343059358573,1.87261643633246,0.00918584274673462
2014-04-01,1.88709331693161,1.86372579820454,-0.0233675187270641
2014-04-02,1.89987199870599,1.84141573403031,-0.0584562646756883
2014-04-03,1.89987199870599,1.88054215814918,-0.0193298405568119
2014-04-04,1.89987199870599,1.89933849312365,-0.000533505582344107
2014-04-05,1.90470908017042,1.91910493187606,0.0143958517056466
2014-04-06,1.94737204985719,2.00503497291356,0.0576629230563692
2014-04-07,1.63374007261802,2.00108605250716,0.367345979889138
2014-04-08,1.63840068082026,2.00345262046903,0.365051939648777
2014-04-09,1.62458687346942,1.8659727498889,0.241385876419475
2014-04-10,1.62458687346942,1.90469495300204,0.280108079532614
2014-04-11,1.62458687346942,1.91483287885785,0.290246005388429
2014-04-12,1.7303050503052,1.92190179415047,0.191596743845267
2014-04-13,1.70100101656866,1.96561871934682,0.264617702778165
2014-04-14,1.64602677885577,1.97562208771706,0.329595308861286
2014-04-15,1.57786843635074,2.01862017903477,0.440751742684034
2014-04-16,1.57417440325682,2.01353987213224,0.439365468875417
2014-04-17,1.57417440325682,2.04855862818658,0.474384224929759
2014-04-18,1.57417440325682,2.04325502086431,0.469080617607483
2014-04-19,1.65406605814466,2.03547937888652,0.381413320741864
2014-04-20,1.68374360833946,2.03102083411068,0.347277225771215
2014-04-21,1.64439586457077,2.03200059197843,0.387604727407658
2014-04-22,1.65064887354723,2.0412340471521,0.39058517360487
2014-04-23,1.52894034423971,2.02810039184988,0.499160047610161
2014-04-24,1.52894034423971,2.041378589347,0.51243824510729
2014-04-25,1.52894034423971,2.05463286116719,0.525692516927478
2014-04-26,1.66184581755575,2.03875711560249,0.376911298046747
2014-04-27,1.67796523911368,1.97483517881483,0.296869939701147
2014-04-28,1.80745569759162,2.02608700655401,0.218631308962384
2014-04-29,1.82901468507379,1.99635691847652,0.167342233402731
2014-04-30,1.83713831790201,2.05596993211657,0.218831614214558
2014-05-01,1.83713831790201,2.07253991998732,0.235401602085311
2014-05-02,1.83713831790201,2.06686804071069,0.229729722808678
2014-05-03,1.73638954526907,2.06328987888992,0.326900333620846
2014-05-04,1.81643100401635,2.04006361681968,0.223632612803325
2014-05-05,1.92744010951546,2.08310495782644,0.155664848310973
2014-05-06,1.89951456987968,2.07662805635482,0.177113486475142
2014-05-07,1.89786463083019,2.09206373430789,0.194199103477699
2014-05-08,1.89786463083019,2.12118258886039,0.223317958030206
2014-05-09,1.89786463083019,2.12690688483417,0.229042254003984
2014-05-10,1.88338392303959,2.13103584107012,0.247651918030529
2014-05-11,1.83331396623348,2.14316025935113,0.30984629311765
2014-05-12,1.9155353973608,2.11885218694806,0.203316789587262
2014-05-13,1.95134349308647,2.14101751707494,0.189674023988469
2014-05-14,2.05546659569237,2.14359407220036,0.0881274765079882
2014-05-15,2.05546659569237,2.07024690508842,0.014780309396055
2014-05-16,2.05546659569237,2.06721461191773,0.0117480162253645
2014-05-17,1.81596480434089,2.06156334560364,0.245598541262759
2014-05-18,1.74144413995741,2.03466900996864,0.293224870011232
2014-05-19,1.65618067771539,2.0218014921993,0.365620814483913
2014-05-20,1.65211033721024,2.0293562989682,0.377245961757955
2014-05-21,1.60623883049983,1.96547803748399,0.359239206984157
2014-05-22,1.60623883049983,1.90854341816157,0.302304587661738
2014-05-23,1.60623883049983,1.89144808240235,0.285209251902515
2014-05-24,1.70328411701055,1.87562162894756,0.172337511937009
2014-05-25,1.62899493995939,1.87061440292746,0.241619462968072
2014-05-26,1.54285982730875,1.86529020126909,0.322430373960338
2014-05-27,1.62771174508133,1.84556816797704,0.217856422895701
2014-05-28,1.5589001396076,1.84315492026508,0.284254780657478
2014-05-29,1.5589001396076,1.84027775656432,0.281377616956718
2014-05-30,1.5589001396076,1.84425646718591,0.285356327578314
2014-05-31,1.54635855906034,1.85192751139402,0.305568952333688
2014-06-01,1.61237604401062,1.86430055461824,0.25192451060762
2014-06-02,1.54160535374386,1.83759678155184,0.295991427807978
2014-06-03,1.4754409649238,1.78861364163458,0.313172676710782
2014-06-04,1.42545102238302,1.80686610378325,0.38141508140023
2014-06-05,1.42545102238302,1.81396238319576,0.388511360812738
2014-06-06,1.42545102238302,1.81495548691601,0.389504464532986
2014-06-07,1.52167278006345,1.81665453407913,0.294981754015681
2014-06-08,1.54512496078051,1.85454790480435,0.309422944023844
2014-06-09,1.58893176784839,1.90088750980794,0.311955741959552
2014-06-10,1.57246964131756,1.9247529823333,0.352283341015747
2014-06-11,1.66534863006204,1.98236357420683,0.317014944144786
2014-06-12,1.66534863006204,2.01558801718056,0.350239387118519
2014-06-13,1.66534863006204,2.01368499267846,0.34833636261642
2014-06-14,1.92067251006807,2.00941975321621,0.0887472431481389
2014-06-15,2.00193610609088,2.02649861946702,0.0245625133761433
2014-06-16,2.04535569472577,2.01208904571831,-0.0332666490074565
2014-06-17,1.9991642770493,2.01400297041982,0.0148386933705289
2014-06-18,2.04945319752105,2.01555176917464,-0.0339014283464167
2014-06-19,2.04945319752105,1.99922148045152,-0.0502317170695279
2014-06-20,2.04945319752105,1.98934367764741,-0.0601095198736403
2014-06-21,2.17261837481866,1.97920665889978,-0.19341171591888
2014-06-22,2.15413615637074,1.98281075898558,-0.171325397385165
2014-06-23,2.14271831470444,1.9711929410696,-0.171525373634841
2014-06-24,2.12918586417572,1.98586922045797,-0.143316643717744
2014-06-25,2.01519191754977,1.95645499415696,-0.0587369233928139
2014-06-26,2.01519191754977,1.95552595518529,-0.0596659623644764
2014-06-27,2.01519191754977,1.95397414732724,-0.0612177702225263
2014-06-28,1.95937351289668,1.95545585174114,-0.00391766115554826
2014-06-29,1.9538149430207,1.96834006439894,0.0145251213782416
2014-06-30,1.83963251901781,1.88199362251908,0.0423611035012661
2014-07-01,2.0039569634067,1.86414929479361,-0.139807668613095
2014-07-02,1.95841384385035,1.8743340773508,-0.0840797664995512
2014-07-03,1.95841384385035,1.88779253512621,-0.0706213087241372
2014-07-04,1.95841384385035,1.90630731731653,-0.0521065265338143
2014-07-05,1.63394516777711,1.9261474031955,0.292202235418388
2014-07-06,1.59286917631779,1.93398819398135,0.34111901766356
2014-07-07,1.54845495466421,2.00569373648614,0.457238781821923
2014-07-08,1.52674068252014,2.03606566414237,0.509324981622234
2014-07-09,1.49901041584857,2.04331184830517,0.544301432456593
2014-07-10,1.49901041584857,2.22483474481851,0.725824328969936
2014-07-11,1.49901041584857,2.24550384189934,0.746493426050763
2014-07-12,1.46416971433735,2.26330659352243,0.799136879185076
2014-07-13,1.41902926146417,2.3007933543995,0.881764092935333
2014-07-14,1.51639657606286,2.31271883007139,0.79632225400853
2014-07-15,1.52429868982404,2.30608638934791,0.781787699523873
2014-07-16,1.80819103424922,2.34336471371353,0.535173679464303
2014-07-17,1.80819103424922,2.35806279629469,0.549871762045466
2014-07-18,1.80819103424922,2.35388270206749,0.545691667818271
2014-07-19,1.88371514292857,2.34708399605006,0.46336885312149
2014-07-20,1.97051532238137,2.32502666860819,0.354511346226818
2014-07-21,1.99793160859814,2.27198481932282,0.274053210724688
2014-07-22,1.82735342438538,2.24133050162345,0.413977077238074
2014-07-23,1.73385447517237,2.21466150786728,0.480807032694911
2014-07-24,1.73385447517237,2.24548752233386,0.511633047161494
2014-07-25,1.73385447517237,2.23630828037858,0.502453805206214
2014-07-26,1.78564548193517,2.22850150801241,0.442856026077248
2014-07-27,2.27896402590787,2.45932876970619,0.180364743798323
2014-07-28,2.24877807186102,2.48387644253671,0.23509837067569
2014-07-29,2.26648920684097,2.4348581880331,0.168368981192132
2014-07-30,2.27132032006787,2.42415528092533,0.152834960857459
2014-07-31,2.27132032006787,2.29244045354426,0.0211201334763844
2014-08-01,2.27132032006787,2.30176241043955,0.0304420903716762
2014-08-02,2.21044874423744,2.31107257213444,0.100623827896992
2014-08-03,2.19648861844914,2.30607939045876,0.109590772009624
2014-08-04,2.40702315487306,2.30479395017028,-0.102229204702784
2014-08-05,2.50120365117843,2.33175300434232,-0.169450646836116
2014-08-06,2.33338412518177,2.3606607336551,0.0272766084733207
2014-08-07,2.33338412518177,2.42413331009448,0.0907491849127013
2014-08-08,2.33338412518177,2.45676724053919,0.123383115357419
2014-08-09,2.34752134010587,2.48036427423358,0.132842934127709
2014-08-10,2.37730042872674,2.52859627455473,0.151295845827994
2014-08-11,2.35462143317896,2.50819913111627,0.15357769793731
2014-08-12,2.35442188452051,2.51906579174101,0.164643907220505
2014-08-13,2.49385288830033,2.52407460752875,0.0302217192284182
2014-08-14,2.49385288830033,2.64580001402646,0.151947125726135
2014-08-15,2.49385288830033,2.64465323649347,0.15080034819314
2014-08-16,2.75818066325537,2.64036942552775,-0.117811237727623
2014-08-17,2.21881514624942,2.39059233199805,0.17177718574863
2014-08-18,2.23565562892118,2.35294843371958,0.117292804798393
2014-08-19,2.27283548901333,2.35208602249622,0.0792505334828908
2014-08-20,2.39211398720235,2.33256446290761,-0.0595495242947397
2014-08-21,2.39211398720235,2.35393233969808,-0.0381816475042758
2014-08-22,2.39211398720235,2.33689877297729,-0.0552152142250595
2014-08-23,2.27329140901376,2.32067013997585,0.0473787309620901
2014-08-24,2.30754231032835,2.2866992438212,-0.0208430665071422
2014-08-25,2.02057291526064,2.27472054492682,0.254147629666183
2014-08-26,1.94376919939833,2.25030496157706,0.306535762178725
2014-08-27,1.98078702183323,2.24016798660159,0.259380964768363
2014-08-28,1.98078702183323,2.14095706772059,0.160170045887364
2014-08-29,1.98078702183323,2.13523470517248,0.154447683339251
2014-08-30,2.00231516069098,2.13295571878552,0.130640558094544
2014-08-31,1.94357816017787,2.16083792690188,0.217259766724004
2014-09-01,2.05082192870797,2.22243416961282,0.171612240904853
2014-09-02,2.08896776059835,2.21681402809918,0.127846267500825
2014-09-03,2.11740685621604,2.22384546324611,0.106438607030067
2014-09-04,2.11740685621604,2.09091954771429,-0.0264873085017467
2014-09-05,2.11740685621604,2.11542571987957,-0.00198113633647212
2014-09-06,1.82747580642112,2.14058986958116,0.31311406316004
2014-09-07,1.90849039174757,2.20578152220696,0.297291130459394
2014-09-08,1.93002752216735,2.21574117150158,0.285713649334228
2014-09-09,1.87828607446074,2.24134813901037,0.363062064549628
2014-09-10,1.7883891890133,2.33323032595217,0.544841136938873
2014-09-11,1.7883891890133,2.347959687002,0.559570497988704
2014-09-12,1.7883891890133,2.35546046122909,0.567071272215787
2014-09-13,2.0266249894331,2.3604152770713,0.333790287638199
2014-09-14,2.11495396158281,2.45766057632864,0.34270661474583
2014-09-15,2.10099643638572,2.46809660643339,0.367100170047675
2014-09-16,2.12701045280741,2.46561597380787,0.338605521000463
2014-09-17,2.06340906330849,2.46445749234408,0.401048429035592
2014-09-18,2.06340906330849,2.60010720230639,0.536698138997901
2014-09-19,2.06340906330849,2.586106906645,0.522697843336511
2014-09-20,2.10830117873459,2.57149076182395,0.463189583089363
2014-09-21,2.13853381794293,2.51107843779027,0.372544619847348
2014-09-22,2.04930756662588,2.49054011143744,0.441232544811557
2014-09-23,2.08295850778716,2.52070257253945,0.437744064752292
2014-09-24,1.99754089025245,2.49364662542939,0.496105735176944
2014-09-25,1.99754089025245,2.47926010098308,0.481719210730635
2014-09-26,1.99754089025245,2.47694080881774,0.479399918565296
2014-09-27,2.01184817391619,2.47747315093875,0.465624977022562
2014-09-28,1.95779567516003,2.77242953144014,0.814633856280112
2014-09-29,2.01866384458612,2.83399151451886,0.815327669932742
2014-09-30,2.29069925938113,2.8269567033276,0.536257443946471
2014-10-01,2.45541969136219,2.82448298577219,0.36906329441
2014-10-02,2.45541969136219,2.84082314185798,0.385403450495789
2014-10-03,2.45541969136219,2.86923602130264,0.413816329940448
2014-10-04,2.38429538801929,2.89910985622555,0.514814468206255
2014-10-05,2.2856497479686,2.85454194340855,0.568892195439946
2014-10-06,2.32156760326388,2.89107916969806,0.56951156643418
2014-10-07,2.47927291534625,2.8906004531309,0.411327537784653
2014-10-08,2.96393019566944,2.93917097896338,-0.0247592167060642
2014-10-09,2.96393019566944,2.83714420255274,-0.126785993116703
2014-10-10,2.96393019566944,2.86651960015297,-0.0974105955164699
2014-10-11,2.98970338908161,2.89317919872701,-0.0965241903546024
2014-10-12,3.15325900377176,2.95741393230855,-0.195845071463209
2014-10-13,3.1909652118196,2.97955202963203,-0.211413182187572
2014-10-14,3.28152388505651,2.98401009384543,-0.29751379121108
2014-10-15,3.30625725004756,3.05373879801482,-0.252518452032741
2014-10-16,3.30625725004756,3.11118077859282,-0.195076471454736
2014-10-17,3.30625725004756,3.12536149378866,-0.180895756258901
2014-10-18,3.23639518090119,3.13687255699188,-0.0995226239093139
2014-10-19,3.49828459042129,2.83650841191411,-0.66177617850718
2014-10-20,3.46137105607659,2.78288953378797,-0.678481522288627
2014-10-21,3.32020173822319,2.76427543442696,-0.555926303796229
2014-10-22,3.35107678174361,2.7555800722912,-0.595496709452411
2014-10-23,3.35107678174361,2.82319599762559,-0.527880784118017
2014-10-24,3.35107678174361,2.82436093781143,-0.526715843932172
2014-10-25,3.3034322477944,2.82689021341503,-0.476542034379376
2014-10-26,3.39163634488914,2.8856713688001,-0.505964976089037
2014-10-27,3.40137207111842,2.8597116805613,-0.541660390557112
2014-10-28,3.24148010625147,2.88724715355784,-0.354232952693633
2014-10-29,3.01221151188811,2.81889290455729,-0.19331860733082
2014-10-30,3.01221151188811,2.82679556775838,-0.185415944129726
2014-10-31,3.01221151188811,2.83084384351969,-0.18136766836842
2014-11-01,2.99981347388207,2.83932675048709,-0.160486723394977
2014-11-02,2.81838299839274,2.93929289374501,0.120909895352267
2014-11-03,2.95108373219258,3.01462578307837,0.0635420508857876
2014-11-04,2.89800893802051,3.0042165312916,0.106207593271092
2014-11-05,2.96239606596655,3.00726479385048,0.0448687278839284
2014-11-06,2.96239606596655,2.97907339781523,0.0166773318486744
2014-11-07,2.96239606596655,2.99053174257278,0.0281356766062313
2014-11-08,2.98950112351386,3.00078774988651,0.0112866263726539
2014-11-09,2.90684224913367,3.12786640319973,0.221024154066058
2014-11-10,2.98044416451302,3.14616534207016,0.165721177557141
2014-11-11,2.98168544823351,3.16504030395299,0.183354855719478
2014-11-12,2.78859932910313,3.12085363548249,0.332254306379359
2014-11-13,2.78859932910313,3.20858196821064,0.419982639107506
2014-11-14,2.78859932910313,3.19628926925361,0.40768994015048
2014-11-15,2.82654717300189,3.18126346170902,0.354716288707136
2014-11-16,2.77044782245008,3.17993307579309,0.409485253343012
2014-11-17,2.7611924031344,3.15457219816744,0.393379795033046
2014-11-18,2.63302154555063,3.15283453743905,0.519812991888419
2014-11-19,2.28814360862306,3.0464401403442,0.758296531721142
2014-11-20,2.28814360862306,2.97421702090651,0.686073412283447
2014-11-21,2.28814360862306,2.96679688245058,0.67865327382752
2014-11-22,2.35699907055426,2.96025303006172,0.603253959507457
2014-11-23,2.34403045274713,2.88096241373569,0.536931960988557
2014-11-24,2.22609690190195,2.78656026814133,0.560463366239377
2014-11-25,2.55562970623858,2.79865728411824,0.243027577879654
2014-11-26,2.55288049218708,2.79645333345979,0.243572841272712
2014-11-27,2.55288049218708,2.81238998658955,0.259509494402468
2014-11-28,2.55288049218708,2.79097057040781,0.238090078220725
2014-11-29,3.076246007073,2.73676167894155,-0.339484328131448
2014-11-30,2.96018474103054,2.60410061758012,-0.356084123450423
2014-12-01,3.00237574352543,2.50349017418921,-0.498885569336219
2014-12-02,2.87824317745995,2.49426588136703,-0.383977296092918
2014-12-03,2.90154310144421,2.44885875843465,-0.452684343009554
2014-12-04,2.90154310144421,2.51108989864588,-0.39045320279833
2014-12-05,2.90154310144421,2.4912518914789,-0.410291209965311
2014-12-06,2.83390977056085,2.47251344192773,-0.361396328633118
2014-12-07,2.87584326537226,2.42429292201996,-0.451550343352304
2014-12-08,2.89592019927364,2.37942809332162,-0.516492105952023
2014-12-09,3.02888670156355,2.3248419072479,-0.704044794315648
2014-12-10,3.1744751991754,2.40327923931181,-0.77119595986359
2014-12-11,3.1744751991754,2.406613801606,-0.767861397569405
2014-12-12,3.1744751991754,2.39015322644264,-0.78432197273277
2014-12-13,3.06962438377882,2.37139086704701,-0.698233516731808
2014-12-14,3.05319428807932,2.32462379243225,-0.728570495647072
2014-12-15,3.01561102398119,2.29924210906029,-0.716368914920898
2014-12-16,2.50142349818977,2.21494776662439,-0.286475731565375
2014-12-17,2.28559865065032,2.1592943193391,-0.126304331311222
2014-12-18,2.28711086353727,2.17210319079459,-0.115007672742684
2014-12-19,2.28711086353727,2.13201814237982,-0.15509272115745
2014-12-20,1.689950931102,2.09127054549754,0.401319614395538
2014-12-21,1.65894704208112,2.00755868386477,0.34861164178365
2014-12-22,1.56331128763724,1.9901362657547,0.426824978117458
2014-12-23,1.48274914658654,1.97111937776208,0.488370231175538
2014-12-24,1.38656687570586,1.90047080628574,0.51390393057988
2014-12-25,1.38656687570586,1.83274208940566,0.446175213699797
2014-12-26,1.38656687570586,1.82115904707462,0.434592171368757
2014-12-27,1.37854078447971,1.79069753456861,0.4121567500889
2014-12-28,1.31202008845668,1.77446698769927,0.462446899242587
2014-12-29,1.26709820600549,1.60977049358189,0.342672287576396
2014-12-30,1.27530292665626,1.65834365598857,0.383040729332311
2014-12-31,1.20949623351521,1.63977144286036,0.43027520934516
2015-01-01,1.20949623351521,1.53395975101739,0.324463517502187
2015-01-02,1.20949623351521,1.61682976782322,0.407333534308014
2015-01-03,1.21871538336736,1.679607658647,0.460892275279645
2015-01-04,1.1954541771199,1.74865858443081,0.553204407310917
2015-01-05,1.26260247795566,1.81241203658283,0.549809558627163
2015-01-06,1.45627417483978,1.78856838028878,0.332294205448995
2015-01-07,1.58192452003873,1.82268329616636,0.240758776127631
2015-01-08,1.58041230714799,1.84052795916796,0.260115652019969
2015-01-09,1.58041230714799,1.89572157803923,0.315309270891241
2015-01-10,1.5891917876386,1.94824098516256,0.359049197523956
2015-01-11,1.58414242922702,2.08331777621061,0.499175346983582
2015-01-12,1.61354099563142,2.08929489646107,0.475753900829646
2015-01-13,1.71367002467559,2.14452162850648,0.430851603830894
2015-01-14,1.83251748617478,2.20893155317754,0.376414067002752
2015-01-15,1.83251748617478,2.28899189643562,0.456474410260835
2015-01-16,1.83251748617478,2.32159958966076,0.489082103485981
2015-01-17,1.86245741655315,2.35122786462307,0.488770448069921
2015-01-18,1.86464033636258,2.37630845978856,0.511668123425977
2015-01-19,1.91197172787101,2.39029894396663,0.478327216095621
2015-01-20,1.91045928286934,2.35596652701497,0.445507244145635
2015-01-21,2.00237244594047,2.46548313368112,0.463110687740652
2015-01-22,2.00237244594047,2.4671850418672,0.46481259592673
2015-01-23,2.00237244594047,2.49025968555361,0.487887239613144
2015-01-24,1.95742328479059,2.51427629962564,0.55685301483505
2015-01-25,1.96174915276896,2.55082030408084,0.589071151311879
2015-01-26,2.01804165194711,2.59927344787866,0.581231795931548
2015-01-27,2.07300160402179,2.57359621115029,0.500594607128499
2015-01-28,2.13275692746484,2.55840984825045,0.425652920785608
2015-01-29,2.13275692746484,2.5518374023959,0.419080474931063
2015-01-30,2.13275692746484,2.54398871771991,0.411231790255072
2015-01-31,2.3033650482493,2.53147981595248,0.228114767703175
2015-02-01,2.29326207324755,2.47348854411393,0.180226470866379
2015-02-02,2.31735881614904,2.4622856574133,0.144926841264259
2015-02-03,2.30161582645499,2.53550383727998,0.233888010824987
2015-02-04,2.2350812254709,2.51697199139744,0.281890765926542
2015-02-05,2.2350812254709,2.53160871565342,0.296527490182521
2015-02-06,2.2350812254709,2.52536940760911,0.290288182138207
2015-02-07,2.32929260632432,2.51774016395211,0.188447557627793
2015-02-08,2.28195784742076,2.50249723158777,0.220539384167008
2015-02-09,2.2438960005453,2.50092769507319,0.257031694527883
2015-02-10,2.29753814051865,2.46461711172014,0.167078971201497
2015-02-11,2.23310972651603,2.35906063672155,0.12595091020552
2015-02-12,2.23310972651603,2.41837710235268,0.185267375836647
2015-02-13,2.23310972651603,2.40470329206437,0.171593565548337
2015-02-14,2.3007120466211,2.38292284402996,0.0822107974088593
2015-02-15,2.3553054465965,2.3580017760396,0.00269632944309661
2015-02-16,2.36166674664462,2.29258063063025,-0.0690861160143688
2015-02-17,2.48151633798866,2.27339749969542,-0.208118838293244
2015-02-18,2.46107775900515,2.25952801201493,-0.201549746990225
2015-02-19,2.46107775900515,2.28056022897363,-0.180517530031523
2015-02-20,2.46107775900515,2.24497797712684,-0.216099781878313
2015-02-21,2.39653072353216,2.20965197682381,-0.186878746708349
2015-02-22,2.44639436167511,2.17426354810596,-0.272130813569154
2015-02-23,2.38978388862455,2.13929984532297,-0.250484043301586
2015-02-24,2.36370729213738,2.06520690210164,-0.298500390035744
2015-02-25,2.44915189677688,1.99152970127761,-0.457622195499265
2015-02-26,2.44915189677688,1.92110713105649,-0.528044765720391
2015-02-27,2.44915189677688,1.93339784815907,-0.515754048617804
2015-02-28,2.49068931008863,1.9489902574569,-0.541699052631735
2015-03-01,2.60962419384251,1.99969880562276,-0.609925388219751
2015-03-02,2.67489081858321,1.9777738628909,-0.69711695569231
2015-03-03,2.58859800528529,1.98665080964565,-0.601947195639639
2015-03-04,2.57379300814264,1.98035668581724,-0.593436322325398
2015-03-05,2.57379300814264,1.95304960757494,-0.6207434005677
2015-03-06,2.57379300814264,1.93876447342336,-0.635028534719278
2015-03-07,2.54153814797692,1.92540403455496,-0.616134113421957
2015-03-08,2.56814807368919,1.9235285371542,-0.644619536534988
2015-03-09,2.48972717119415,1.9564717374742,-0.533255433719948
2015-03-10,2.22254418510025,1.91265753656626,-0.309886648533994
2015-03-11,2.30480444638445,1.90975369233638,-0.395050754048073
2015-03-12,2.30480444638445,1.85103834513575,-0.453766101248705
2015-03-13,2.30480444638445,1.83625081088394,-0.468553635500514
2015-03-14,2.26407763978407,1.81889600772411,-0.445181632059968
2015-03-15,2.24833146672009,1.81188923865557,-0.436442228064526
2015-03-16,2.69366725157459,1.76399548258632,-0.929671768988264
2015-03-17,2.82285718808078,1.87128871306777,-0.951568475013006
2015-03-18,2.80484966165531,1.80530465766788,-0.999545003987432
2015-03-19,2.80484966165531,1.83456243295223,-0.970287228703082
2015-03-20,2.80484966165531,1.80863564275205,-0.996214018903256
2015-03-21,2.70008997799687,1.73500073887408,-0.965089239122795
2015-03-22,2.60812296744463,1.55597752612084,-1.05214544132379
2015-03-23,2.55385632932719,1.52665136940777,-1.02720495991941
2015-03-24,2.58225996971522,1.47538797184825,-1.10687199786697
2015-03-25,2.57106526488386,1.46273607108742,-1.10832919379644
2015-03-26,2.57106526488386,1.42240708135068,-1.14865818353318
2015-03-27,2.57106526488386,1.39933141693473,-1.17173384794913
2015-03-28,2.57293627940086,1.37881668005139,-1.19411959934947
2015-03-29,2.53983532712824,1.38981121499091,-1.15002411213732
2015-03-30,2.50673620989155,1.42008969560266,-1.08664651428889
2015-03-31,2.59119920281899,1.43121195957065,-1.15998724324835
2015-04-01,2.45456986423537,1.4556838683784,-0.998885995856973
2015-04-02,2.45456986423537,1.49679870903492,-0.957771155200454
2015-04-03,2.45456986423537,1.50805706065148,-0.946512803583893
2015-04-04,2.49588115063594,1.5210112510249,-0.974869899611038
2015-04-05,2.47220134513077,1.54210121557117,-0.930100129559603
2015-04-06,2.05280128685114,1.55799968354404,-0.494801603307101
2015-04-07,2.0013312260511,1.59487744700164,-0.406453779049463
2015-04-08,1.9539809088172,1.62796256598085,-0.326018342836348
2015-04-09,1.9539809088172,1.63571591116488,-0.31826499765232
2015-04-10,1.9539809088172,1.64934497978538,-0.304635929031817
2015-04-11,1.95906665979393,1.65929118636996,-0.299775473423976
2015-04-12,2.00306358661663,1.73112914245576,-0.27193444416087
2015-04-13,1.99120476181255,1.76580174267292,-0.225403019139629
2015-04-14,2.05992179925373,1.80964631494135,-0.250275484312388
2015-04-15,2.1225188841945,1.77342833764851,-0.349090546545988
2015-04-16,2.1225188841945,1.8276315620169,-0.294887322177595
2015-04-17,2.1225188841945,1.82323667313904,-0.299282211055464
2015-04-18,2.05503008120837,1.81582732591778,-0.239202755290589
2015-04-19,2.02965206035717,1.83064940478653,-0.19900265557064
2015-04-20,2.04504097109793,1.81220467016101,-0.232836300936921
2015-04-21,1.94231156551254,1.80098034627736,-0.141331219235188
2015-04-22,1.93999824997393,1.75055039767176,-0.189447852302176
2015-04-23,1.93999824997393,1.68699974101037,-0.252998508963567
2015-04-24,1.93999824997393,1.6771831382066,-0.262815111767334
2015-04-25,1.91100325121566,1.66830471344292,-0.242698537772737
2015-04-26,1.97324921336597,1.67501135263592,-0.298237860730049
2015-04-27,1.90408679718051,1.69613301567733,-0.20795378150318
2015-04-28,1.86100273118083,1.72292546834797,-0.138077262832868
2015-04-29,1.85437235001973,1.7271729959175,-0.127199354102232
2015-04-30,1.85437235001973,1.80675999820232,-0.0476123518174072
2015-05-01,1.85437235001973,1.81163155194372,-0.0427407980760117
2015-05-02,1.78237520387158,1.81694820523262,0.0345730013610432
2015-05-03,1.75752168120745,1.78219928126782,0.0246776000603735
2015-05-04,1.72376880066098,1.85264269448817,0.128873893827184
2015-05-05,1.63813242735935,1.82224905304611,0.184116625686757
2015-05-06,1.62024521279858,1.84845416527241,0.228208952473835
2015-05-07,1.62024521279858,1.85988725814968,0.239642045351104
2015-05-08,1.62024521279858,1.87064923997968,0.250404027181105
2015-05-09,1.65302717833179,1.88051488064229,0.227487702310506
2015-05-10,1.71844534779592,1.89740355219692,0.178958204401
2015-05-11,1.78540539377175,1.82621080148965,0.0408054077178999
2015-05-12,1.79976921974304,1.79885721299797,-0.000912006745064753
2015-05-13,1.74776820756042,1.84949795994908,0.101729752388653
2015-05-14,1.74776820756042,1.91516437102109,0.167396163460668
2015-05-15,1.74776820756042,1.90711548738182,0.159347279821392
2015-05-16,1.62490890756125,1.89619329385459,0.271284386293345
2015-05-17,1.54539781655931,1.85007266514003,0.304674848580726
2015-05-18,1.55092152634497,1.8146210424602,0.263699516115237
2015-05-19,1.59371788048367,1.72249929141253,0.128781410928862
2015-05-20,1.64542494553854,1.66915721539408,0.0237322698555442
2015-05-21,1.64542494553854,1.59837993048131,-0.0470450150572208
2015-05-22,1.64542494553854,1.5717854835093,-0.0736394620292333
2015-05-23,1.62814685643114,1.54562073014677,-0.0825261262843742
2015-05-24,1.59948967228121,1.5421143071726,-0.0573753651086133
2015-05-25,1.65203020253398,1.48837770614773,-0.163652496386253
2015-05-26,1.7610203485453,1.41591462213546,-0.345105726409838
2015-05-27,1.70914198416662,1.41252415720373,-0.296617826962883
2015-05-28,1.70914198416662,1.40385486651212,-0.305287117654497
2015-05-29,1.70914198416662,1.38825603667647,-0.32088594749015
2015-05-30,1.79777077253685,1.37632679473609,-0.421443977800758
2015-05-31,1.70771862152324,1.36155026592314,-0.346168355600095
2015-06-01,1.7377476074661,1.41966119036078,-0.31808641710532
2015-06-02,1.78823800306035,1.44221534579992,-0.346022657260426
2015-06-03,1.85001271531116,1.43831346929073,-0.411699246020424
2015-06-04,1.85001271531116,1.42688202299178,-0.423130692319381
2015-06-05,1.85001271531116,1.43676480650902,-0.41324790880214
2015-06-06,1.96365048489438,1.44814788084477,-0.515502604049607
2015-06-07,1.94203628166507,1.47429799754173,-0.467738284123343
2015-06-08,1.91510714875488,1.46094034053385,-0.454166808221023
2015-06-09,1.89727342701209,1.46745311934501,-0.429820307667079
2015-06-10,1.87749027088214,1.45018569659442,-0.427304574287722
2015-06-11,1.87749027088214,1.45253089349717,-0.42495937738497
2015-06-12,1.87749027088214,1.45312722586095,-0.424363045021186
2015-06-13,1.91892077106455,1.45157726109028,-0.467343509974271
2015-06-14,1.99740875742216,1.57123702485114,-0.426171732571016
2015-06-15,2.02858981236532,1.57491867057979,-0.453671141785531
2015-06-16,1.93062364558054,1.61529743485153,-0.315326210729011
2015-06-17,1.96273069538277,1.56891776807606,-0.393812927306711
2015-06-18,1.96273069538277,1.6156203225255,-0.347110372857272
2015-06-19,1.96273069538277,1.61494996398687,-0.3477807313959
2015-06-20,1.78306908774511,1.61330930516124,-0.169759782583869
2015-06-21,1.81025160310598,1.65868683811277,-0.15156476499321
2015-06-22,1.64856420988881,1.62138783559203,-0.0271763742967825
2015-06-23,1.62693924863026,1.62823966238648,0.00130041375621626
2015-06-24,1.50877237534309,1.66527394764125,0.156501572298167
2015-06-25,1.50877237534309,1.5590819818899,0.0503096065468172
2015-06-26,1.50877237534309,1.55443682335317,0.045664448010085
2015-06-27,1.47143027299048,1.55248764157295,0.0810573685824763
2015-06-28,1.52071311145599,1.56040878873318,0.039695677277199
2015-06-29,1.53566608611573,1.56917817983776,0.0335120937220321
2015-06-30,1.55409760737974,1.59749390464276,0.0433962972630229
2015-07-01,1.56774149632696,1.61746040917933,0.0497189128523705
2015-07-02,1.56774149632696,1.65209109243006,0.0843495961030958
2015-07-03,1.56774149632696,1.69305656012148,0.125315063794517
2015-07-04,1.52427043078943,1.73604302760214,0.21177259681271
2015-07-05,1.47498489595132,1.6393697168678,0.164384820916486
2015-07-06,1.45597641421805,1.72611200250685,0.270135588288804
2015-07-07,1.47283953625711,1.68292574025691,0.210086203999796
2015-07-08,1.49452805986166,1.73324407450855,0.238716014646884
2015-07-09,1.49452805986166,1.77802351675928,0.283495456897613
2015-07-10,1.49452805986166,1.8094983054325,0.314970245570835
2015-07-11,1.55672616509585,1.83868719730526,0.281961032209417
2015-07-12,1.60213617077753,1.84235961921513,0.240223448437605
2015-07-13,1.63565434510899,1.8626257115975,0.226971366488509
2015-07-14,1.58260467866754,1.92808065097779,0.345475972310253
2015-07-15,1.66238810688213,1.9481629030779,0.285774796195772
2015-07-16,1.66238810688213,2.0157607588917,0.353372652009573
2015-07-17,1.66238810688213,2.02720197848976,0.364813871607628
2015-07-18,1.66266356410214,2.03552333731204,0.372859773209905
2015-07-19,1.64530995815911,2.06889383308589,0.423583874926787
2015-07-20,1.6309865312868,2.10680003464222,0.475813503355422
2015-07-21,1.60318329473522,2.1140659507364,0.510882656001185
2015-07-22,1.63208841981677,2.10384495649487,0.471756536678093
2015-07-23,1.63208841981677,2.04651517793536,0.414426758118587
2015-07-24,1.63208841981677,2.04030964430422,0.408221224487441
2015-07-25,1.62754807912368,2.03478851635009,0.407240437226409
2015-07-26,1.60910361436131,2.04643692355603,0.437333309194723
2015-07-27,1.52756555207324,2.03452719189227,0.506961639819024
2015-07-28,1.6012421395159,2.06030107010156,0.459058930585662
2015-07-29,1.56089354703795,2.0569813568145,0.496087809776552
2015-07-30,1.56089354703795,2.03895064070821,0.478057093670257
2015-07-31,1.56089354703795,2.03432649280876,0.473432945770808
2015-08-01,1.61286898983732,2.03414397034794,0.421274980510625
2015-08-02,1.58903631671531,2.02596552670002,0.43692920998471
2015-08-03,1.61172124954365,2.05268715135753,0.440965901813883
2015-08-04,1.65296997302758,2.09133330453187,0.438363331504289
2015-08-05,1.76502963621774,2.08936777710915,0.324338140891403
2015-08-06,1.76502963621774,2.0675908466801,0.302561210462362
2015-08-07,1.76502963621774,2.07143124099821,0.306401604780466
2015-08-08,1.81887619396102,2.07436205167323,0.255485857712211
2015-08-09,2.00254552440866,2.07854245137423,0.0759969269655749
2015-08-10,1.99229752736702,2.05563059449196,0.0633330671249388
2015-08-11,1.96845731640986,2.03898775484413,0.0705304384342664
2015-08-12,1.90365892780523,2.00863856635988,0.104979638554652
2015-08-13,1.90365892780523,2.04170641023666,0.138047482431431
2015-08-14,1.90365892780523,2.02910189330578,0.125442965500553
2015-08-15,1.90780072712257,2.01335240714252,0.105551680019948
2015-08-16,1.89956547016061,2.05045874789357,0.150893277732962
2015-08-17,1.98221907177089,2.00497968588024,0.022760614109353
2015-08-18,1.84932540651798,2.07315601315349,0.223830606635516
2015-08-19,1.86271298519293,2.0538565274328,0.191143542239865
2015-08-20,1.86271298519293,2.03143232967705,0.168719344484111
2015-08-21,1.86271298519293,2.00222200620919,0.13950902101626
2015-08-22,1.8042360024146,1.96924920938909,0.16501320697449
2015-08-23,1.81165972739661,1.91125398315489,0.0995942557582816
2015-08-24,1.76759082694606,1.90419899299741,0.136608166051351
2015-08-25,1.78069744654993,1.85198216326535,0.0712847167154156
2015-08-26,1.72111327303019,1.81527908891439,0.094165815884208
2015-08-27,1.72111327303019,1.85456905700266,0.133455783972477
2015-08-28,1.72111327303019,1.84041849058121,0.119305217551028
2015-08-29,1.59069559090685,1.82993155997247,0.239235969065619
2015-08-30,1.38774637021934,1.85109190829098,0.463345538071646
2015-08-31,1.35814782495983,1.87328767310828,0.515139848148446
2015-09-01,1.40047521637578,1.8833398707211,0.482864654345326
2015-09-02,1.53525288322573,1.8882692437619,0.35301636053617
2015-09-03,1.53525288322573,1.93756180908531,0.402308925859582
2015-09-04,1.53525288322573,1.93905513267964,0.403802249453914
2015-09-05,1.54278433988373,1.94197747576982,0.399193135886086
2015-09-06,1.58686638190573,1.91331255435944,0.326446172453708
2015-09-07,1.57572309886747,1.95014144293964,0.374418344072174
2015-09-08,1.75313185477504,1.9873404931277,0.23420863835266
2015-09-09,1.79982380926863,1.99538442119956,0.195560611930932
2015-09-10,1.79982380926863,1.96835787035525,0.16853406108662
2015-09-11,1.79982380926863,1.97042363416404,0.170599824895407
2015-09-12,1.80128072859855,1.97019425220788,0.168913523609323
2015-09-13,1.75644963161469,2.04945057630539,0.293000944690704
2015-09-14,1.77241282288749,2.11595256254077,0.343539739653276
2015-09-15,1.79507446803425,2.10811795387417,0.31304348583992
2015-09-16,1.84115283803891,2.11573875509202,0.274585917053117
2015-09-17,1.84115283803891,2.08345577679574,0.242302938756837
2015-09-18,1.84115283803891,2.07378812693059,0.232635288891686
2015-09-19,1.96783855699493,2.06279783509672,0.0949592781017836
2015-09-20,2.01167203124106,2.03774890862405,0.0260768773829976
2015-09-21,2.13585984560694,2.07259387988597,-0.0632659657209635
2015-09-22,2.11947463179227,1.99935458507389,-0.120120046718379
2015-09-23,2.01971990925372,2.0012341439724,-0.0184857652813268
2015-09-24,2.01971990925372,1.94422208704054,-0.0754978222131801
2015-09-25,2.01971990925372,1.92883149161935,-0.0908884176343752
2015-09-26,2.03675445368168,1.91589098703116,-0.12086346665052
2015-09-27,2.08980951197474,1.90642441809177,-0.183385093882967
2015-09-28,2.09967108374504,1.94019916187972,-0.159471921865323
2015-09-29,1.99520260490303,1.96260274574161,-0.0325998591614265
2015-09-30,1.99164288282342,2.00014918483794,0.00850630201451441
2015-10-01,1.99164288282342,2.04351527802646,0.0518723952030387
2015-10-02,1.99164288282342,2.06475850939751,0.0731156265740838
2015-10-03,2.11114995252327,2.08811020385474,-0.0230397486685283
2015-10-04,2.13763815693611,2.05665278155357,-0.0809853753825389
2015-10-05,2.17840601807625,2.03212620131671,-0.146279816759531
2015-10-06,2.56254436724789,2.06952724978328,-0.493017117464611
2015-10-07,2.53013371638685,2.17222693003714,-0.357906786349714
2015-10-08,2.53013371638685,2.24229608103633,-0.287837635350526
2015-10-09,2.53013371638685,2.28527490608394,-0.244858810302913
2015-10-10,2.49396176013675,2.32272150646895,-0.171240253667803
2015-10-11,2.52683107542965,2.34970769193023,-0.177123383499418
2015-10-12,2.50499928353339,2.44820375367999,-0.056795529853396
2015-10-13,2.63980029223724,2.4655981073156,-0.174202184921644
2015-10-14,2.65364201850947,2.52141375653446,-0.132228261975015
2015-10-15,2.65364201850947,2.52488087210804,-0.12876114640143
2015-10-16,2.65364201850947,2.54187324456871,-0.111768773940767
2015-10-17,2.63177488731011,2.55572211928666,-0.0760527680234495
2015-10-18,2.57024854395818,2.55392173770815,-0.0163268062500306
2015-10-19,2.61562866181125,2.59431180916727,-0.0213168526439862
2015-10-20,2.92893905266164,2.54451050329953,-0.384428549362104
2015-10-21,2.99711173817354,2.55018492136151,-0.44692681681203
2015-10-22,2.99711173817354,2.58758298587054,-0.409528752302996
2015-10-23,2.99711173817354,2.59241664223373,-0.404695095939807
2015-10-24,2.8567395161511,2.60630575660616,-0.250433759544937
2015-10-25,2.91898919933193,2.6421607946977,-0.276828404634227
2015-10-26,2.93402021054498,2.67990704718977,-0.254113163355211
2015-10-27,2.51344134028098,2.71989449020475,0.206453149923776
2015-10-28,2.47633210115103,2.68730537313968,0.210973271988651
2015-10-29,2.47633210115103,2.66778055950999,0.191448458358964
2015-10-30,2.47633210115103,2.64252846781164,0.166196366660615
2015-10-31,2.52959025241867,2.61989087145776,0.0903006190390818
2015-11-01,2.50459602300915,2.63137566298246,0.126779639973317
2015-11-02,2.61476147457053,2.58372455835342,-0.0310369162171109
2015-11-03,2.54521417083258,2.60121814813465,0.0560039773020713
2015-11-04,2.56585053414942,2.54326099157333,-0.0225895425760854
2015-11-05,2.56585053414942,2.57936912216246,0.0135185880130422
2015-11-06,2.56585053414942,2.58177745342255,0.0159269192731273
2015-11-07,2.59778828492594,2.58370507694781,-0.0140832079781283
2015-11-08,2.63487332138615,2.58661620412022,-0.0482571172659316
2015-11-09,2.62919260391797,2.58011276833713,-0.0490798355808377
2015-11-10,2.36811288795316,2.58210515603423,0.213992268081075
2015-11-11,2.42512907098936,2.59538792073727,0.170258849747904
2015-11-12,2.42512907098936,2.52494256664068,0.0998134956513126
2015-11-13,2.42512907098936,2.50509213935584,0.0799630683664758
2015-11-14,2.48383837305496,2.48235037270933,-0.00148800034562191
2015-11-15,2.43820276520458,2.46052084770054,0.0223180824959592
2015-11-16,2.48573640418657,2.47531970217824,-0.0104167020083268
2015-11-17,2.37194850148047,2.40627165976912,0.0343231582886432
2015-11-18,2.2631311034622,2.34819398354739,0.0850628800851938
2015-11-19,2.2631311034622,2.22948899306357,-0.0336421103986266
2015-11-20,2.2631311034622,2.18579371087253,-0.0773373925896648
2015-11-21,2.22066835594804,2.14212133549154,-0.0785470204565026
2015-11-22,2.20204621053444,2.08315244503319,-0.118893765501251
2015-11-23,2.14048191800367,2.06864321697503,-0.0718387010286343
2015-11-24,2.04463772335621,2.00949672982097,-0.0351409935352449
2015-11-25,1.99506150398799,2.14283053856343,0.147769034575441
2015-11-26,1.99506150398799,2.13942584954202,0.144364345554033
2015-11-27,1.99506150398799,2.12187476456165,0.126813260573664
2015-11-28,2.0856110467374,2.12961830105633,0.0440072543189265
2015-11-29,2.02675477423275,2.24735503550619,0.220600261273438
2015-11-30,1.95641015804006,2.11726026516408,0.160850107124019
2015-12-01,1.86250353877177,2.13573078997433,0.273227251202562
2015-12-02,1.7320631088686,2.06341910082847,0.331355991959864
2015-12-03,1.7320631088686,2.04831932485104,0.316256215982432
2015-12-04,1.7320631088686,2.02909219451249,0.297029085643882
2015-12-05,1.75060346752221,2.01173282507807,0.261129357555859
2015-12-06,1.84339357141755,1.98227629717439,0.138882725756846
2015-12-07,1.81194269186877,1.97665894962847,0.164716257759706
2015-12-08,1.94042310963722,1.93575858045369,-0.00466452918352189
2015-12-09,2.12421003318146,1.98332882765681,-0.140881205524659
2015-12-10,2.12421003318146,1.97575369849801,-0.148456334683454
2015-12-11,2.12421003318146,1.95351277198642,-0.17069726119504
2015-12-12,2.22016494769125,1.92928241193295,-0.290882535758301
2015-12-13,2.23210895629703,1.92930714040995,-0.302801815887082
2015-12-14,2.16679613456428,1.93340546824038,-0.2333906663239
2015-12-15,2.08674848771504,1.93102858308703,-0.155719904628011
2015-12-16,1.95004522690275,1.7632947480306,-0.186750478872149
2015-12-17,1.95004522690275,1.64942919928581,-0.300616027616947
2015-12-18,1.95004522690275,1.62725232448429,-0.322792902418463
2015-12-19,1.88087163029824,1.60349971055984,-0.277371919738399
2015-12-20,1.93168475843561,1.47319400310516,-0.458490755330446
2015-12-21,1.8673522116591,1.43512596283108,-0.432226248828024
2015-12-22,1.82633108610328,1.32890631444752,-0.497424771655757
2015-12-23,1.68751749742452,1.27296188473701,-0.41455561268751
2015-12-24,1.68751749742452,1.22707787528634,-0.460439622138184
2015-12-25,1.68751749742452,1.16743283160031,-0.520084665824216
2015-12-26,1.55562375916735,1.15362533740699,-0.401998421760357
2015-12-27,1.45076774731315,1.11900269519538,-0.331765052117769
2015-12-28,1.35227621671836,0.738074314780533,-0.614201901937822
2015-12-29,1.32169011058763,0.712062208913267,-0.609627901674368
2015-12-30,1.21816937364439,0.768163769505918,-0.450005604138472
2015-12-31,1.21816937364439,0.820784829556942,-0.397384544087448
2016-01-01,1.21816937364439,0.742612734436989,-0.475556639207402
2016-01-02,1.17761700828749,0.82457900326699,-0.353038005020501
2016-01-03,1.24458524033536,0.856227274984121,-0.388357965351241
2016-01-04,1.25253235599611,0.92140663228929,-0.331125723706823
2016-01-05,1.39834370800452,1.06486413534731,-0.333479572657215
2016-01-06,1.64770590301385,1.19967988319695,-0.448026019816903
2016-01-07,1.64770590301385,1.31354048382491,-0.334165419188945
2016-01-08,1.64770590301385,1.34976720437407,-0.297938698639779
2016-01-09,1.65457953787456,1.38482451345772,-0.269755024416847
2016-01-10,1.63234749698392,1.42881618253887,-0.203531314445051
2016-01-11,1.70338616575687,1.46074311714619,-0.242643048610672
2016-01-12,1.80098204163277,1.49545291997492,-0.305529121657849
2016-01-13,1.91253094444101,1.57343569677323,-0.339095247667776
2016-01-14,1.91253094444101,1.67276713624597,-0.239763808195041
2016-01-15,1.91253094444101,1.6950492169708,-0.217481727470206
2016-01-16,1.96459144968926,1.7139450525865,-0.250646397102762
2016-01-17,1.96167243353532,1.75642504915595,-0.205247384379374
2016-01-18,2.02821959284046,1.77730741165578,-0.250912181184678
2016-01-19,2.14635806686799,1.8018290726468,-0.344528994221191
2016-01-20,2.2195159322771,1.80413783248514,-0.415378099791958
2016-01-21,2.2195159322771,1.83025109674782,-0.389264835529282
2016-01-22,2.2195159322771,1.84197114408016,-0.377544788196935
2016-01-23,2.20621499774952,1.85390468407422,-0.352310313675292
2016-01-24,2.141392579529,1.86907826550305,-0.272314314025955
2016-01-25,2.10892683346492,1.90475759655237,-0.204169236912547
2016-01-26,2.12833547948808,2.04188083671033,-0.0864546427777486
2016-01-27,2.03026468213575,2.03157582413405,0.00131114199830451
2016-01-28,2.03026468213575,2.06499623693526,0.0347315547995106
2016-01-29,2.03026468213575,2.05515400320292,0.0248893210671679
2016-01-30,2.05175997313186,2.04766465350986,-0.00409531962200216
2016-01-31,2.10805164401082,2.09944952651858,-0.00860211749223838
2016-02-01,2.30910744760297,2.12395900581032,-0.185148441792649
2016-02-02,2.23418232425147,2.07688349112868,-0.157298833122784
2016-02-03,2.5160010861878,2.04570805281401,-0.470293033373794
2016-02-04,2.5160010861878,2.0056396862492,-0.510361399938605
2016-02-05,2.5160010861878,2.00555637758225,-0.510444708605549
2016-02-06,2.51647262220683,2.00483524799347,-0.511637374213363
2016-02-07,2.61379590786956,2.05527566745877,-0.558520240410783
2016-02-08,2.63147832377696,2.04095214419067,-0.590526179586291
2016-02-09,2.54809356790041,2.00763307418674,-0.540460493713666
2016-02-10,2.51539392464879,1.96037006750703,-0.555023857141758
2016-02-11,2.51539392464879,1.92248977255076,-0.592904152098025
2016-02-12,2.51539392464879,1.91580371465534,-0.599590209993447
2016-02-13,2.47623935530664,1.90583992470056,-0.570399430606086
2016-02-14,2.50760952689821,1.92711359076202,-0.580495936136189
2016-02-15,2.50189021387426,1.9047925490886,-0.597097664785661
2016-02-16,2.42525648582144,1.85436934791505,-0.570887137906386
2016-02-17,2.42780753316414,1.97979160025716,-0.448015932906984
2016-02-18,2.42780753316414,1.90929740760475,-0.518510125559389
2016-02-19,2.42780753316414,1.87867225520313,-0.549135277961015
2016-02-20,2.38563684671647,1.84746339172125,-0.538173454995218
2016-02-21,2.33191691506413,1.79532204009593,-0.5365948749682
2016-02-22,2.08799440042727,1.81554988771677,-0.2724445127105
2016-02-23,2.10629852214505,1.81158178392798,-0.294716738217074
2016-02-24,1.84470974551182,1.77863558195531,-0.0660741635565083
2016-02-25,1.84470974551182,1.80412004515529,-0.0405897003565352
2016-02-26,1.84470974551182,1.78218329139054,-0.0625264541212838
2016-02-27,1.8408015069837,1.78601544257253,-0.0547860644111626
2016-02-28,1.78528744528482,1.7914934232831,0.00620597799828082
2016-02-29,1.7226711516905,1.85027627833188,0.127605126641372
2016-03-01,1.64083369160215,1.84886390157044,0.208030209968288
2016-03-02,1.60115588182491,1.86982297431678,0.268667092491869
2016-03-03,1.60115588182491,1.86372332181782,0.262567439992908
2016-03-04,1.60115588182491,1.86605245154351,0.264896569718603
2016-03-05,1.62612728775225,1.87006504647434,0.24393775872209
2016-03-06,1.5801408101771,1.88935893494636,0.309218124769255
2016-03-07,1.62950214490007,1.91936615202576,0.289864007125693
2016-03-08,1.67504845462135,1.91586553771049,0.240817083089135
2016-03-09,1.69896889221464,1.77605928201228,0.0770903897976396
2016-03-10,1.69896889221464,1.85359526053071,0.154626368316066
2016-03-11,1.69896889221464,1.87243506405503,0.173466171840381
2016-03-12,1.71020788880214,1.88907090760767,0.178863018805536
2016-03-13,1.73931265259413,1.91024965699762,0.170937004403487
2016-03-14,1.79716005209322,1.92910706624389,0.131947014150672
2016-03-15,1.8382397206432,2.1532731866464,0.315033466003199
2016-03-16,1.78724782981798,2.20342261716723,0.416174787349258
2016-03-17,1.78724782981798,2.17053817864507,0.383290348827098
2016-03-18,1.78724782981798,2.16725296340883,0.380005133590851
2016-03-19,1.75941385360073,2.1653825705871,0.405968716986364
2016-03-20,1.74548527250043,2.14529346022755,0.399808187727124
2016-03-21,1.79344274253931,2.12797517050058,0.334532427961268
2016-03-22,1.8655614324024,2.10220282059163,0.236641388189228
2016-03-23,1.90988257803143,2.12407699692994,0.214194418898518
2016-03-24,1.90988257803143,2.10652228072286,0.196639702691431
2016-03-25,1.90988257803143,2.09655307792127,0.186670499889845
2016-03-26,1.96897958996641,2.08867544308305,0.119695853116639
2016-03-27,2.02201603074807,2.05191262997687,0.0298965992287994
2016-03-28,1.99535855527387,2.08919517416507,0.0938366188912028
2016-03-29,1.99299782898911,2.07632872648537,0.083330897496263
2016-03-30,1.93017677293278,2.08939150627702,0.159214733344248
2016-03-31,1.93017677293278,2.01486051362008,0.0846837406873018
2016-04-01,1.93017677293278,2.0328831449151,0.102706371982327
2016-04-02,1.9273226267414,2.05283895041794,0.125516323676533
2016-04-03,1.90930936785622,2.07886650785804,0.169557140001814
2016-04-04,1.88645817990119,2.06245301291347,0.175994833012275
2016-04-05,1.80062535845634,1.76017508003861,-0.0404502784177356
2016-04-06,1.88730880563431,1.72305049467832,-0.164258310955996
2016-04-07,1.88730880563431,1.7307161372155,-0.156592668418819
2016-04-08,1.88730880563431,1.74445009417832,-0.142858711455995
2016-04-09,1.97064168506619,1.75634473096579,-0.214296954100399
2016-04-10,1.91057654648898,1.74743650946766,-0.163140037021315
2016-04-11,1.93626499164794,1.77811894658953,-0.158146045058408
2016-04-12,1.88061704615083,1.79507264774293,-0.0855443984078992
2016-04-13,1.86195037476535,1.82602871395648,-0.0359216608088739
2016-04-14,1.86195037476535,1.82958564534783,-0.0323647294175156
2016-04-15,1.86195037476535,1.83588181994855,-0.0260685548167952
2016-04-16,1.75224868303466,1.83142061065882,0.0791719276241656
2016-04-17,1.69597279519763,1.82647602818906,0.130503232991431
2016-04-18,1.71203820016539,1.80466190725565,0.0926237070902607
2016-04-19,1.6750293982915,1.75143792852759,0.0764085302360908
2016-04-20,1.81308297325944,1.79478154331446,-0.018301429944982
2016-04-21,1.81308297325944,1.82617474813014,0.0130917748707038
2016-04-22,1.81308297325944,1.80558510217816,-0.00749787108128253
2016-04-23,1.79228638972812,1.7842045687139,-0.00808182101421862
2016-04-24,1.78036313274632,1.74322892725468,-0.0371342054916441
2016-04-25,1.80812078243362,1.75346447248012,-0.0546563099535062
2016-04-26,1.90672595952439,1.79381503537297,-0.112910924151416
2016-04-27,1.97557359173912,1.8211926817894,-0.154380909949721
2016-04-28,1.97557359173912,1.83085286337882,-0.144720728360296
2016-04-29,1.97557359173912,1.81874160561711,-0.156831986122013
2016-04-30,1.91372750365934,1.81125822477043,-0.102469278888916
2016-05-01,1.96278907290855,1.79039137065411,-0.172397702254447
2016-05-02,1.9400056728927,1.75098801031709,-0.189017662575609
2016-05-03,2.04311687536637,1.79601564537734,-0.247101229989027
2016-05-04,2.08232925089044,1.78783593140543,-0.294493319485018
2016-05-05,2.08232925089044,1.76350413169712,-0.318825119193325
2016-05-06,2.08232925089044,1.76998081430793,-0.312348436582515
2016-05-07,2.15403150302133,1.77517164126039,-0.378859861760944
2016-05-08,2.23247400172099,1.80672236625105,-0.425751635469942
2016-05-09,2.20838299588355,1.8161364402622,-0.392246555621355
2016-05-10,2.25150495146864,1.83374952711165,-0.41775542435699
2016-05-11,2.21876174341085,1.82097465451807,-0.397787088892781
2016-05-12,2.21876174341085,1.86404690891504,-0.354714834495806
2016-05-13,2.21876174341085,1.87485607806593,-0.343905665344917
2016-05-14,2.22793931663628,1.87116031069309,-0.356779005943197
2016-05-15,2.23232647071994,1.84501473046839,-0.387311740251548
2016-05-16,2.2319521531079,1.81308512762189,-0.418867025486008
2016-05-17,2.17159454694777,1.82081589102745,-0.350778655920321
2016-05-18,2.03637857737198,1.82751642353833,-0.20886215383365
2016-05-19,2.03637857737198,1.80026121251285,-0.236117364859126
2016-05-20,2.03637857737198,1.79779737815261,-0.238581199219368
2016-05-21,1.96284416362653,1.79223829042166,-0.170605873204868
2016-05-22,1.90112501622794,1.78583826404065,-0.115286752187288
2016-05-23,1.89332046036596,1.77075812872499,-0.122562331640964
2016-05-24,1.8812026250914,1.70355166960508,-0.177650955486323
2016-05-25,1.83194696041855,1.7921048393473,-0.039842121071245
2016-05-26,1.83194696041855,1.78661143407226,-0.0453355263462918
2016-05-27,1.83194696041855,1.80679970514029,-0.0251472552782552
2016-05-28,1.79313325627735,1.79442580696195,0.00129255068459999
2016-05-29,1.76269688918104,1.84585594199598,0.0831590528149375
2016-05-30,1.75944466752576,1.82197209075093,0.0625274232251722
2016-05-31,1.94418282660285,1.83095405064523,-0.113228775957618
2016-06-01,1.84491260382365,1.82594777643681,-0.0189648273868406
2016-06-02,1.84491260382365,1.8751373803243,0.0302247765006578
2016-06-03,1.84491260382365,1.88867141399533,0.0437588101716793
2016-06-04,1.84567098274049,1.90411849971861,0.0584475169781118
2016-06-05,1.82441184675718,1.97067050822079,0.146258661463614
2016-06-06,1.83868315532477,1.93581122998148,0.0971280746567087
2016-06-07,1.86121612563534,1.96595744788647,0.104741322251127
2016-06-08,1.94862821028522,1.97029679827392,0.0216685879887035
2016-06-09,1.94862821028522,1.98676175624132,0.0381335459561041
2016-06-10,1.94862821028522,1.98622883111238,0.0376006208271673
2016-06-11,2.08737903795748,1.98207419645041,-0.105304841507069
2016-06-12,2.07691206200936,1.99753878917545,-0.0793732728339047
2016-06-13,2.09487938751387,2.01852251589298,-0.0763568716208853
2016-06-14,2.11486888544777,2.06950343307108,-0.0453654523766946
2016-06-15,2.16153755857361,2.04612247087061,-0.115415087702991
2016-06-16,2.16153755857361,2.03998109698296,-0.121556461590649
2016-06-17,2.16153755857361,2.03258095495403,-0.128956603619577
2016-06-18,2.15515976015366,2.02361616585404,-0.131543594299624
2016-06-19,2.15348557073757,1.92110338807106,-0.232382182666505
2016-06-20,2.25304947830754,1.94537299871445,-0.307676479593091
2016-06-21,2.25429332711687,1.8221918893978,-0.432101437719069
2016-06-22,2.18974772158025,1.82029947265983,-0.36944824892042
2016-06-23,2.18974772158025,1.75751842744648,-0.432229294133762
2016-06-24,2.18974772158025,1.74719532672316,-0.442552394857088
2016-06-25,2.0939568619436,1.7390752742067,-0.354881587736901
2016-06-26,2.04874841197916,1.71709830034524,-0.331650111633922
2016-06-27,2.05944068342479,1.68882186710835,-0.370618816316446
2016-06-28,2.00276525161829,1.68705204129219,-0.315713210326102
2016-06-29,1.87846969835106,1.69319494348019,-0.185274754870866
2016-06-30,1.87846969835106,1.69870232511312,-0.179767373237942
2016-07-01,1.87846969835106,1.70679711923003,-0.171672579121028
2016-07-02,1.87825091023209,1.71741550881416,-0.160835401417929
2016-07-03,2.0987025289333,1.71563309803605,-0.383069430897245
2016-07-04,2.0696164208247,1.70164710376412,-0.367969317060587
2016-07-05,2.2953881579677,1.76790975965559,-0.527478398312102
2016-07-06,2.28259987173484,1.73663691338152,-0.545962958353328
2016-07-07,2.28259987173484,1.8078767741099,-0.474723097624945
2016-07-08,2.28259987173484,1.83345065265894,-0.449149219075905
2016-07-09,2.3017268937124,1.85679700504988,-0.444929888662517
2016-07-10,2.31776648233775,1.92135723959655,-0.396409242741208
2016-07-11,2.30600768166464,1.97677657287568,-0.329231108788965
2016-07-12,2.22337384172958,1.99889068864286,-0.224483153086725
2016-07-13,2.40395435851836,1.96674712467939,-0.437207233838969
2016-07-14,2.40395435851836,1.98976868949831,-0.414185669020051
2016-07-15,2.40395435851836,1.98712501954287,-0.416829338975483
2016-07-16,2.50917662551343,1.98106231540442,-0.528114310109011
2016-07-17,2.61740750234588,1.98469957709312,-0.63270792525276
2016-07-18,2.74579629309907,2.0366154210642,-0.709180872034872
2016-07-19,2.77452508725642,2.06315115373582,-0.711373933520605
2016-07-20,2.83741506934577,2.03946560341865,-0.797949465927121
2016-07-21,2.83741506934577,2.02005944866687,-0.817355620678899
2016-07-22,2.83741506934577,1.99918853864074,-0.838226530705032
2016-07-23,2.7742885134657,1.97824603039771,-0.796042483067985
2016-07-24,2.58823043935247,1.95950024109334,-0.628730198259133
2016-07-25,2.56122780814185,1.97058527823538,-0.590642529906471
2016-07-26,2.24654468624987,1.98066721949726,-0.26587746675261
2016-07-27,2.21959915622675,2.09488937631249,-0.124709779914258
2016-07-28,2.21959915622675,2.05246903467923,-0.167130121547518
2016-07-29,2.21959915622675,2.04447294957936,-0.175126206647394
2016-07-30,2.19917183442095,2.03310625068843,-0.166065583732517
2016-07-31,2.08874476206122,2.04562797397375,-0.0431167880874708
2016-08-01,2.03780690594038,2.02319442015141,-0.0146124857889709
2016-08-02,1.90280629676119,2.03982309065759,0.137016793896403
2016-08-03,1.72734106946354,2.08853539731354,0.36119432785
2016-08-04,1.72734106946354,2.16048138402402,0.433140314560489
2016-08-05,1.72734106946354,2.16379172448069,0.436450655017153
2016-08-06,1.71185202915394,2.1623782357201,0.450526206566161
2016-08-07,1.61859334761521,2.18339573405683,0.564802386441625
2016-08-08,1.51267417980762,2.30814334563911,0.795469165831492
2016-08-09,1.62418891322002,2.30946549214423,0.685276578924204
2016-08-10,1.60297500725595,2.31879726424813,0.715822256992178
2016-08-11,1.60297500725595,2.28313879482448,0.680163787568526
2016-08-12,1.60297500725595,2.28486553020775,0.681890522951798
2016-08-13,1.64253847077335,2.28347063902766,0.64093216825431
2016-08-14,1.72119320687014,2.2827771268785,0.561583920008362
2016-08-15,1.72699456219553,2.28228765912354,0.555293096928008
2016-08-16,1.88472981784971,2.29080498404801,0.406075166198303
2016-08-17,1.87620948184297,2.18015363998711,0.303944158144137
2016-08-18,1.87620948184297,2.14772101957351,0.271511537730536
2016-08-19,1.87620948184297,2.1253553731367,0.249145891293725
2016-08-20,1.87836509422376,2.102119772695,0.223754678471244
2016-08-21,1.8976227632158,2.05871679354459,0.161094030328795
2016-08-22,1.80975041514949,2.0396055271849,0.229855112035411
2016-08-23,1.81074735955667,2.00249681062996,0.191749451073294
2016-08-24,1.90261304849891,1.99137825053185,0.0887652020329432
2016-08-25,1.90261304849891,1.94874671846628,0.0461336699673729
2016-08-26,1.90261304849891,1.93168823886663,0.0290751903677182
2016-08-27,1.81287982167669,1.91582011245191,0.102940290775221
2016-08-28,1.88537091009916,1.85724643524736,-0.0281244748518017
2016-08-29,1.79538287533991,1.73119640070945,-0.0641864746304606
2016-08-30,1.68709350806666,1.72195054218173,0.0348570341150718
2016-08-31,1.72627401581147,1.74659099522978,0.020316979418306
2016-09-01,1.72627401581147,1.80782417580485,0.0815501599933788
2016-09-02,1.72627401581147,1.81897442694753,0.0927004111360594
2016-09-03,1.81763141773313,1.83227221015841,0.0146407924252818
2016-09-04,1.75692486980886,1.84853021241724,0.091605342608382
2016-09-05,1.83236370659035,1.88496397249401,0.052600265903656
2016-09-06,1.7722348386898,1.89402572251856,0.121790883828761
2016-09-07,1.8409269373906,1.97882053907961,0.137893601689008
2016-09-08,1.8409269373906,1.99348015431315,0.152553216922549
2016-09-09,1.8409269373906,2.00141802337021,0.160491085979608
2016-09-10,1.88226442443542,2.0064263753593,0.124161950923872
2016-09-11,2.20174582161165,2.01579503342509,-0.185950788186553
2016-09-12,2.27491056915245,1.98551476746798,-0.289395801684476
2016-09-13,2.28128901777478,1.97743955813348,-0.303849459641296
2016-09-14,2.32567487439918,1.94242126774043,-0.383253606658753
2016-09-15,2.32567487439918,1.96637423988432,-0.359300634514865
2016-09-16,2.32567487439918,1.96589736361057,-0.359777510788616
2016-09-17,2.5416401699994,1.96351777948439,-0.578122390515013
2016-09-18,2.52857777476025,2.01115611195564,-0.517421662804602
2016-09-19,2.58862032484186,2.00356311257929,-0.585057212262572
2016-09-20,2.72678744075342,2.03987760003656,-0.686909840716859
2016-09-21,2.73938962875976,2.0319934906438,-0.707396138115963
2016-09-22,2.73938962875976,1.91400895267725,-0.825380676082512
2016-09-23,2.73938962875976,1.89814451336861,-0.841245115391156
2016-09-24,2.72685725943079,1.88418164011091,-0.842675619319877
2016-09-25,2.70055823732948,1.8886372661218,-0.811920971207677
2016-09-26,2.61659650349746,1.94169633090496,-0.674900172592496
2016-09-27,2.61407872150164,1.99555075448006,-0.618527967021572
2016-09-28,2.52589493267299,1.92498141806573,-0.600913514607265
2016-09-29,2.52589493267299,1.94195912964642,-0.583935803026572
2016-09-30,2.52589493267299,1.96527134999633,-0.560623582676664
2016-10-01,2.51571545208739,1.9887786982581,-0.526936753829285
2016-10-02,2.20903874060049,2.06822509970516,-0.140813640895328
2016-10-03,2.16006001874229,2.09153877664357,-0.0685212420987109
2016-10-04,2.18633850812253,2.14899865910411,-0.0373398490184229
2016-10-05,2.21553488912242,2.14735770784318,-0.0681771812792351
2016-10-06,2.21553488912242,2.18716408312321,-0.0283708059992125
2016-10-07,2.21553488912242,2.22175114229321,0.00621625317079522
2016-10-08,2.12598839922049,2.25496575981379,0.128977360593294
2016-10-09,2.35195956301069,2.26500937528908,-0.0869501877216097
2016-10-10,2.32568785922756,2.29629003349692,-0.0293978257306406
2016-10-11,2.32007902485304,2.27679110318422,-0.0432879216688202
2016-10-12,2.28604714279576,2.38731999322772,0.101272850431965
2016-10-13,2.28604714279576,2.43726843222976,0.151221289434002
2016-10-14,2.28604714279576,2.46048612333834,0.174438980542587
2016-10-15,2.17808518280425,2.4724730188027,0.294387835998455
2016-10-16,2.30877266205647,2.47962874732912,0.170856085272646
2016-10-17,2.51103554738701,2.46395725104958,-0.0470782963374332
2016-10-18,2.44137299888695,2.48512891959399,0.0437559207070444
2016-10-19,2.51240932947934,2.58338913228363,0.0709798028042865
2016-10-20,2.51240932947934,2.63582038041204,0.123411050932701
2016-10-21,2.51240932947934,2.63487083092332,0.122461501443977
2016-10-22,2.44667350300916,2.63215502537787,0.185481522368712
2016-10-23,2.50595963626253,2.57882683817297,0.0728672019104444
2016-10-24,2.58615627499727,2.59330182056874,0.00714554557146574
2016-10-25,2.61247611757992,2.60670482181013,-0.00577129576979729
2016-10-26,2.51704835374829,2.59262243937701,0.0755740856287166
2016-10-27,2.51704835374829,2.58542150631547,0.0683731525671765
2016-10-28,2.51704835374829,2.5854833740741,0.0684350203258082
2016-10-29,2.55067225056807,2.58721382170916,0.0365415711410884
2016-10-30,2.30644837836802,2.61935759987682,0.312909221508803
2016-10-31,2.31384881930268,2.69874957110733,0.384900751804647
2016-11-01,2.24521275279147,2.82556622475386,0.580353471962388
2016-11-02,2.25123751792701,2.84175939392298,0.590521875995979
2016-11-03,2.25123751792701,2.85431427229196,0.603076754364952
2016-11-04,2.25123751792701,2.8830051086843,0.631767590757295
2016-11-05,2.29485754055907,2.91197219118476,0.61711465062569
2016-11-06,2.25185689964913,2.95826200954616,0.706405109897026
2016-11-07,2.39102411199668,2.99503916501999,0.604015053023305
2016-11-08,2.39657329925355,2.99040978215635,0.593836482902794
2016-11-09,2.43042410821077,3.00001042801887,0.569586319808094
2016-11-10,2.43042410821077,3.06195908971131,0.631534981500535
2016-11-11,2.43042410821077,3.08202487044036,0.65160076222959
2016-11-12,2.55354566866011,3.09870180860162,0.545156139941511
2016-11-13,2.52830966456498,3.13552922382951,0.607219559264524
2016-11-14,2.61359200825295,3.15741292294115,0.543820914688198
2016-11-15,2.44738571722959,3.17917330469936,0.731787587469775
2016-11-16,2.31581389934265,3.15424771700054,0.838433817657899
2016-11-17,2.31581389934265,3.12884257454425,0.813028675201606
2016-11-18,2.31581389934265,3.11479972023517,0.798985820892524
2016-11-19,2.34513576883802,3.09995710384101,0.754821335002986
2016-11-20,2.3631059097491,3.07256997469813,0.70946406494903
2016-11-21,2.37826489474459,3.06516927853227,0.686904383787676
2016-11-22,2.27475550917282,2.98073142394423,0.70597591477141
2016-11-23,2.27194019505113,2.92116558831185,0.649225393260725
2016-11-24,2.27194019505113,2.92902783118188,0.657087636130758
2016-11-25,2.27194019505113,2.93287120573223,0.6609310106811
2016-11-26,2.75348353494204,2.91378850489855,0.160304969956506
2016-11-27,2.67862938614721,2.99790521990508,0.319275833757864
2016-11-28,2.36211217387591,2.92283836659044,0.560726192714527
2016-11-29,2.39620817523295,2.8389979954809,0.442789820247949
2016-11-30,2.30274018787177,2.72240692097694,0.419666733105166
2016-12-01,2.30274018787177,2.66141476482153,0.358674576949759
2016-12-02,2.30274018787177,2.66109984647483,0.358359658603056
2016-12-03,2.3204449070011,2.65341190993786,0.332967002936763
2016-12-04,2.38533499072192,2.66789469961077,0.282559708888851
2016-12-05,2.26636880407933,2.73237903509289,0.466010231013564
2016-12-06,2.35963720470252,2.71692215651274,0.357284951810216
2016-12-07,2.47540888488829,2.80296380352229,0.327554918634002
2016-12-08,2.47540888488829,2.8628603387624,0.387451453874116
2016-12-09,2.47540888488829,2.86109923571348,0.385690350825195
2016-12-10,2.48499142827749,2.85719802230597,0.372206594028476
2016-12-11,2.52595983741646,2.8470465792343,0.321086741817843
2016-12-12,2.67838759061008,2.7784566776827,0.100069087072617
2016-12-13,2.81371764836178,2.71104449033737,-0.102673158024406
2016-12-14,2.6868626691185,2.67848234158009,-0.0083803275384069
2016-12-15,2.6868626691185,2.58353528473526,-0.103327384383237
2016-12-16,2.6868626691185,2.56557102687657,-0.121291642241931
2016-12-17,2.07586728682155,2.54573225975037,0.469864972928814
2016-12-18,2.03477622123317,2.49222594406456,0.457449722831384
2016-12-19,2.01133934516371,2.51920534297824,0.50786599781453
2016-12-20,2.02277410219896,2.48510928638279,0.462335184183833
2016-12-21,1.97351618752398,2.44289016071707,0.469373973193087
2016-12-22,1.97351618752398,2.32824136316776,0.354725175643779
2016-12-23,1.97351618752398,2.29133778158575,0.317821594061769
2016-12-24,1.76127872842393,2.27797520626336,0.516696477839437
2016-12-25,1.66177811123133,2.22748951986432,0.565711408632987
2016-12-26,1.59471378531554,1.9855444226414,0.390830637325861
2016-12-27,1.5787587254396,1.95719931926578,0.378440593826179
2016-12-28,1.5552675380679,1.96713366638869,0.411866128320792
2016-12-29,1.5552675380679,1.9255284499377,0.370260911869803
2016-12-30,1.5552675380679,1.966581906192,0.411314368124106
