"Date","pred","bookings","res"
2013-01-28,1.06649773055688,0.810750812675433,0.255746917881442
2013-01-29,1.06986485887319,0.79252156982934,0.277343289043848
2013-01-30,1.0774233485572,0.816799773764595,0.260623574792609
2013-01-31,1.13350669690408,0.816799773764595,0.316706923139483
2013-02-01,1.1275421641767,0.816799773764595,0.310742390412108
2013-02-02,1.1231222092174,0.883441389091253,0.239680820126146
2013-02-03,1.13422425882891,0.910307647447717,0.223916611381191
2013-02-04,1.16877369582653,0.891165730896361,0.27760796493017
2013-02-05,1.12755785137415,0.909736215513987,0.217821635860163
2013-02-06,1.16323913587257,0.891293892003002,0.271945243869571
2013-02-07,1.17413912643678,0.891293892003002,0.282845234433783
2013-02-08,1.1676961616613,0.891293892003002,0.276402269658295
2013-02-09,1.16068615671247,0.884138565650995,0.276547591061478
2013-02-10,1.16701367404312,0.894383217993641,0.272630456049478
2013-02-11,1.19416605401784,0.833311461793003,0.360854592224839
2013-02-12,1.22073147632182,0.844634414287348,0.376097062034468
2013-02-13,1.20427779108286,0.914105845623556,0.290171945459303
2013-02-14,1.23616550071165,0.914105845623556,0.322059655088094
2013-02-15,1.23344317218289,0.914105845623556,0.319337326559332
2013-02-16,1.22819933108985,0.867000632170222,0.361198698919632
2013-02-17,1.19829232385382,0.85846611588006,0.339826207973761
2013-02-18,1.15361674595624,0.845932971737574,0.307683774218668
2013-02-19,1.12944250367582,0.887667051035534,0.241775452640285
2013-02-20,1.08831454114988,0.88467893226607,0.203635608883815
2013-02-21,1.09744641697034,0.88467893226607,0.212767484704273
2013-02-22,1.06976611772552,0.88467893226607,0.185087185459452
2013-02-23,1.04155621211976,0.858071211521006,0.183485000598752
2013-02-24,1.01234982325695,0.85735730867356,0.154992514583395
2013-02-25,1.01588437752798,0.876337246603865,0.139547130924117
2013-02-26,0.961029666243121,0.834606893953953,0.126422772289168
2013-02-27,1.00587410922162,0.850306103161324,0.155568006060299
2013-02-28,0.997426069807261,0.850306103161324,0.147119966645938
2013-03-01,1.10651489673182,0.850306103161324,0.2562087935705
2013-03-02,1.10569919319823,0.853302522017885,0.252396671180349
2013-03-03,1.12207912141457,0.854544786404892,0.26753433500968
2013-03-04,1.08048520796001,0.880643862200425,0.199841345759584
2013-03-05,1.06241713045165,0.85897574284056,0.203441387611089
2013-03-06,1.04913554666564,0.811996189093864,0.237139357571775
2013-03-07,1.06035284046084,0.811996189093864,0.248356651366973
2013-03-08,1.07134498655796,0.811996189093864,0.259348797464097
2013-03-09,1.08386149024591,0.801254573387646,0.282606916858262
2013-03-10,1.11133395461366,0.819889434931642,0.291444519682014
2013-03-11,1.10387974441983,0.801468352829276,0.302411391590552
2013-03-12,1.16709494194947,0.801509809210885,0.365585132738587
2013-03-13,1.15375277446583,0.804086804776978,0.349665969688851
2013-03-14,1.15554838581011,0.804086804776978,0.351461581033129
2013-03-15,1.17181546147913,0.804086804776978,0.367728656702149
2013-03-16,1.18676093639806,0.767898984605382,0.418861951792677
2013-03-17,1.24035401293077,0.804489692841908,0.435864320088858
2013-03-18,1.24815038428642,0.765223995516561,0.482926388769858
2013-03-19,1.28421047702432,1.18882154703454,0.0953889299897734
2013-03-20,1.28500711871311,1.22204846055307,0.0629586581600416
2013-03-21,1.27012010617182,1.22204846055307,0.0480716456187475
2013-03-22,1.27369215339422,1.22204846055307,0.0516436928411532
2013-03-23,1.27613667957485,1.21752285763169,0.058613821943162
2013-03-24,1.27415152499452,1.18648799485241,0.087663530142112
2013-03-25,1.28632936347276,1.14948476943718,0.136844594035579
2013-03-26,1.32136960048229,1.16561149348418,0.1557581069981
2013-03-27,1.30678389873356,1.16556336137085,0.141220537362703
2013-03-28,1.27711293892935,1.16556336137085,0.111549577558496
2013-03-29,1.276215324644,1.16556336137085,0.110651963273146
2013-03-30,1.27694899681956,1.18122277031942,0.0957262265001382
2013-03-31,1.27838625735603,1.15737819081966,0.121008066536369
2013-04-01,1.4177506736014,1.16728810593733,0.250462567664078
2013-04-02,1.39675083570182,1.16468242398325,0.232068411718574
2013-04-03,1.42979823425412,1.23200435504382,0.197793879210301
2013-04-04,1.43843421339989,1.23200435504382,0.206429858356067
2013-04-05,1.44626021524891,1.23200435504382,0.214255860205092
2013-04-06,1.45589102245867,1.33950808669411,0.11638293576456
2013-04-07,1.45703120250255,1.28737227348238,0.169658929020167
2013-04-08,1.42697387328371,1.30289595705905,0.124077916224667
2013-04-09,1.43484398862347,0.880194826474771,0.5546491621487
2013-04-10,1.43060743203387,0.833295370150257,0.59731206188361
2013-04-11,1.42776919575408,0.833295370150257,0.594473825603824
2013-04-12,1.44265304738656,0.833295370150257,0.6093576772363
2013-04-13,1.45620736479759,0.885380794134379,0.570826570663214
2013-04-14,1.46384280268103,1.09861960698609,0.365223195694943
2013-04-15,1.45577635802329,1.13537249273264,0.320403865290648
2013-04-16,1.46322552068159,1.32397811161524,0.139247409066351
2013-04-17,1.47401286382228,1.36922742320817,0.10478544061411
2013-04-18,1.51882332470268,1.36922742320817,0.149595901494508
2013-04-19,1.51622421015054,1.36922742320817,0.146996786942368
2013-04-20,1.51089937565848,1.37184121902345,0.139058156635029
2013-04-21,1.49934908607975,1.39950431615449,0.0998447699252516
2013-04-22,1.49296965403482,1.3889364214303,0.104033232604523
2013-04-23,1.47708059870638,1.34161674356002,0.135463855146364
2013-04-24,1.4550570610445,1.40372204105205,0.0513350199924525
2013-04-25,1.42992436583154,1.40372204105205,0.0262023247794922
2013-04-26,1.41661386936903,1.40372204105205,0.0128918283169832
2013-04-27,1.4030709003564,1.3241051386443,0.0789657617121009
2013-04-28,1.38215905753896,1.3627221015922,0.0194369559467533
2013-04-29,1.41906299209222,1.37527093744354,0.0437920546486856
2013-04-30,1.42880198359489,1.45207219077759,-0.0232702071826985
2013-05-01,1.52556482888758,1.48789014751321,0.0376746813743698
2013-05-02,1.55092536332086,1.48789014751321,0.0630352158076453
2013-05-03,1.53562569338828,1.48789014751321,0.0477355458750712
2013-05-04,1.52200128184631,1.46115134507517,0.0608499367711441
2013-05-05,1.55591294309124,1.2934625425315,0.262450400559746
2013-05-06,1.56233393820003,1.26417168462192,0.29816225357811
2013-05-07,1.55746987927705,1.10270878964945,0.454761089627596
2013-05-08,1.55571153387427,1.08072304528009,0.474988488594187
2013-05-09,1.52579405624419,1.08072304528009,0.445071010964108
2013-05-10,1.53137875488028,1.08072304528009,0.450655709600193
2013-05-11,1.53672237088904,1.0782300976217,0.458492273267335
2013-05-12,1.60183667205274,1.05616206094022,0.545674611112522
2013-05-13,1.60024655098096,1.11570721928956,0.484539331691392
2013-05-14,1.57270418200642,1.14062635872152,0.432077823284901
2013-05-15,1.55392081197351,1.0300055156811,0.523915296292413
2013-05-16,1.53868102189153,1.0300055156811,0.508675506210435
2013-05-17,1.53097071032971,1.0300055156811,0.500965194648612
2013-05-18,1.52096487116069,0.957345265672322,0.563619605488364
2013-05-19,1.47347945719957,0.959363744448522,0.514115712751051
2013-05-20,1.43907839804888,0.956098045426467,0.482980352622411
2013-05-21,1.41094677150249,0.891161203323647,0.519785568178848
2013-05-22,1.38715853076428,0.928500823960382,0.4586577068039
2013-05-23,1.34014757303521,0.928500823960382,0.411646749074829
2013-05-24,1.31485611060634,0.928500823960382,0.386355286645961
2013-05-25,1.28911640821025,0.940683272587848,0.3484331356224
2013-05-26,1.24876371864229,1.0146906406145,0.234073078027793
2013-05-27,1.22674555983394,1.11948762053833,0.107257939295616
2013-05-28,1.23321354272775,1.07971033868284,0.153503204044914
2013-05-29,1.21718000434339,1.08432682930502,0.132853175038374
2013-05-30,1.20831234473735,1.08432682930502,0.123985515432334
2013-05-31,1.18848397070542,1.08432682930502,0.104157141400403
2013-06-01,1.29041474102996,1.0798384791295,0.210576261900465
2013-06-02,1.24281487800181,1.10126116175341,0.1415537162484
2013-06-03,1.23681344953366,1.06067139668446,0.176142052849201
2013-06-04,1.26042116456665,1.08119714453072,0.179224020035933
2013-06-05,1.31563047948293,1.04857662686683,0.267053852616107
2013-06-06,1.30037032114342,1.04857662686683,0.251793694276591
2013-06-07,1.30213652481325,1.04857662686683,0.253559897946423
2013-06-08,1.30579375452362,1.11078831945488,0.195005435068743
2013-06-09,1.31925867544487,1.18553761850589,0.133721056938984
2013-06-10,1.34249699953943,1.27348889912679,0.0690081004126422
2013-06-11,1.35618705581874,1.36148925578199,-0.00530219996324899
2013-06-12,1.39104002341628,1.30788916855879,0.0831508548574902
2013-06-13,1.39874011278152,1.30788916855879,0.0908509442227341
2013-06-14,1.40562876313925,1.30788916855879,0.0977395945804573
2013-06-15,1.4115400002338,1.32371220999068,0.0878277902431188
2013-06-16,1.39032245473936,1.24132131587741,0.149001138861951
2013-06-17,1.37479443848133,1.15726174771809,0.217532690763236
2013-06-18,1.37325603049248,1.25380484895122,0.119451181541268
2013-06-19,1.37449100613594,1.34429253980886,0.0301984663270782
2013-06-20,1.40038934117183,1.34429253980886,0.0560968013629686
2013-06-21,1.40266219247133,1.34429253980886,0.0583696526624631
2013-06-22,1.40393705759197,1.35661916592485,0.0473178916671197
2013-06-23,1.38520711287856,1.3693236329921,0.0158834798864613
2013-06-24,1.40369868045673,1.39360705110398,0.0100916293527444
2013-06-25,1.36456213705242,1.32349822337728,0.0410639136751321
2013-06-26,1.34783506952226,1.31844023343681,0.029394836085449
2013-06-27,1.34349374054,1.31844023343681,0.0250535071031852
2013-06-28,1.3402751237154,1.31844023343681,0.0218348902785881
2013-06-29,1.32643462810665,1.32568592238447,0.000748705722179555
2013-06-30,1.30901436321437,1.20176157285792,0.107252790356456
2013-07-01,1.41382606141269,1.15575442006988,0.258071641342811
2013-07-02,1.35615674732253,1.11968199216383,0.236474755158697
2013-07-03,1.27129869861528,1.10569505724188,0.1656036413734
2013-07-04,1.26545622944832,1.10569505724188,0.159761172206435
2013-07-05,1.26889801165089,1.10569505724188,0.163202954409007
2013-07-06,1.27438257541507,1.09349110448755,0.180891470927527
2013-07-07,1.29893521545455,1.09236002399932,0.206575191455226
2013-07-08,1.30212741089053,1.07690829905196,0.225219111838574
2013-07-09,1.2766629550606,0.999985771559893,0.276677183500708
2013-07-10,1.19551492342725,1.12597623291316,0.0695386905140953
2013-07-11,1.19432055251673,1.12597623291316,0.06834431960357
2013-07-12,1.18753643566743,1.12597623291316,0.0615602027542668
2013-07-13,1.17966238874942,1.16252494929734,0.0171374394520856
2013-07-14,1.14237607084215,1.1435455767285,-0.00116950588635767
2013-07-15,1.15100877732038,1.14163205728082,0.00937672003956758
2013-07-16,1.17982658278197,1.19545454466264,-0.0156279618806718
2013-07-17,1.22548963176087,1.23330330363819,-0.00781367187732851
2013-07-18,1.28792689368129,1.23330330363819,0.0546235900430938
2013-07-19,1.283258093521,1.23330330363819,0.049954789882805
2013-07-20,1.27589065628126,1.20098905918055,0.0749015971007156
2013-07-21,1.259304813575,1.21084625314556,0.0484585604294347
2013-07-22,1.26418086281046,1.16655872729819,0.0976221355122719
2013-07-23,1.28391797095537,1.12327712117536,0.160640849780008
2013-07-24,1.30422558123246,1.25183518226211,0.0523903989703471
2013-07-25,1.28444392746314,1.25183518226211,0.0326087452010329
2013-07-26,1.2698918627575,1.25183518226211,0.0180566804953928
2013-07-27,1.25496022496372,1.63012665081501,-0.375166425851287
2013-07-28,1.24197939690202,1.6581346023252,-0.416155205423171
2013-07-29,1.20340792648494,1.69965517897933,-0.496247252494383
2013-07-30,1.16773777361959,1.69914573696453,-0.531407963344935
2013-07-31,1.20984855573624,1.4535893546783,-0.24374079894206
2013-08-01,1.32433380046859,1.4535893546783,-0.12925555420971
2013-08-02,1.33103378349915,1.4535893546783,-0.122555571179152
2013-08-03,1.33934562001377,1.43722780044254,-0.0978821804287633
2013-08-04,1.37071721348912,1.40280238579074,-0.0320851723016207
2013-08-05,1.39082544110715,1.38253590285363,0.00828953825352285
2013-08-06,1.43939481861889,1.46169674999791,-0.0223019313790214
2013-08-07,1.43066066270694,1.54365491897938,-0.112994256272435
2013-08-08,1.45665964949876,1.54365491897938,-0.0869952694806155
2013-08-09,1.46277603879571,1.54365491897938,-0.0808788801836666
2013-08-10,1.46870015608147,1.59918927771945,-0.130489121637982
2013-08-11,1.4740407532081,1.63231924610209,-0.158278492893991
2013-08-12,1.47643808089197,1.65881664656041,-0.182378565668442
2013-08-13,1.57661715801805,1.68924618001413,-0.112629021996081
2013-08-14,1.62209133803844,1.8820827440518,-0.259991406013356
2013-08-15,1.64648781251162,1.8820827440518,-0.235594931540178
2013-08-16,1.65147569589317,1.8820827440518,-0.230607048158632
2013-08-17,1.65410039294511,1.46296459531524,0.191135797629876
2013-08-18,1.63959334557876,1.43336613665601,0.206227208922745
2013-08-19,1.61901150550693,1.40035645623894,0.218655049267997
2013-08-20,1.59840842848644,1.37995127482777,0.218457153658665
2013-08-21,1.59654430765659,1.41090866169938,0.185635645957211
2013-08-22,1.57874679053202,1.41090866169938,0.167838128832647
2013-08-23,1.56998766167089,1.41090866169938,0.159078999971518
2013-08-24,1.56048802332953,1.34929617781554,0.211191845513987
2013-08-25,1.52419664291665,1.34425541966334,0.179941223253307
2013-08-26,1.51494613755494,1.35696789940969,0.157978238145253
2013-08-27,1.42828560993075,1.28047121498903,0.147814394941727
2013-08-28,1.43407595297322,1.14585111900767,0.28822483396555
2013-08-29,1.34170427639037,1.14585111900767,0.195853157382707
2013-08-30,1.33084712969139,1.14585111900767,0.184996010683725
2013-08-31,1.32231635414064,1.23134161603435,0.0909747381062869
2013-09-01,1.44444343354553,1.23626202704878,0.208181406496754
2013-09-02,1.42379410425201,1.21001976585204,0.21377433839997
2013-09-03,1.29702093079686,1.2060117201118,0.0910092106850655
2013-09-04,1.28548325225711,0.913884060897251,0.371599191359858
2013-09-05,1.41866090707481,0.913884060897251,0.504776846177558
2013-09-06,1.41600392246619,0.913884060897251,0.502119861568938
2013-09-07,1.41522057214752,0.9724215826054,0.442798989542118
2013-09-08,1.43299546884373,0.958795814683328,0.4741996541604
2013-09-09,1.44172610109672,0.998062182080929,0.44366391901579
2013-09-10,1.44909547502175,1.0726456505348,0.376449824486946
2013-09-11,1.46793200075626,1.07291351216165,0.395018488594614
2013-09-12,1.49104322725907,1.07291351216165,0.418129715097419
2013-09-13,1.49428446544334,1.07291351216165,0.421370953281693
2013-09-14,1.49651070730761,1.26215761248856,0.234353094819046
2013-09-15,1.51287955697626,1.30650219902337,0.20637735795289
2013-09-16,1.51807558070868,1.31848060540363,0.199594975305051
2013-09-17,1.51078673452139,1.31508226387863,0.195704470642756
2013-09-18,1.48644897527993,1.55800443289805,-0.0715554576181208
2013-09-19,1.45380112715065,1.55800443289805,-0.104203305747393
2013-09-20,1.45322613557801,1.55800443289805,-0.104778297320042
2013-09-21,1.45145407877862,1.41240005952172,0.0390540192569047
2013-09-22,1.43119525397196,1.36266955271273,0.0685257012592353
2013-09-23,1.42519243666902,1.41549227645897,0.00970016021005615
2013-09-24,1.40178674086928,1.38278929854131,0.0189974423279784
2013-09-25,1.42732684267685,1.36263900371225,0.0646878389646002
2013-09-26,1.32202568813227,1.36263900371225,-0.0406133155799768
2013-09-27,1.32246664818376,1.36263900371225,-0.040172355528485
2013-09-28,1.32442262629047,2.03825177550843,-0.713829149217961
2013-09-29,1.30793448910117,2.14332947855634,-0.835394989455164
2013-09-30,1.42297815857455,2.11804488495489,-0.695066726380341
2013-10-01,1.6133629209362,2.08276382633459,-0.469400905398393
2013-10-02,1.60658635525033,2.06427461473722,-0.457688259486887
2013-10-03,1.62411030940711,2.06427461473722,-0.440164305330101
2013-10-04,1.63672763342038,2.06427461473722,-0.427546981316838
2013-10-05,1.65141132799909,1.9140791641294,-0.262667836130313
2013-10-06,1.67485486203805,1.9256414304952,-0.250786568457156
2013-10-07,1.69073693081737,1.92881221748914,-0.238075286671773
2013-10-08,1.81477653002366,1.93893666497609,-0.124160134952427
2013-10-09,1.78369703795761,1.78938119248049,-0.00568415452288162
2013-10-10,1.81463969917968,1.78938119248049,0.0252585066991888
2013-10-11,1.83578567067161,1.78938119248049,0.0464044781911217
2013-10-12,1.85601146239787,1.8566420056308,-0.000630543232927216
2013-10-13,1.89956188620999,1.90794383936348,-0.00838195315348389
2013-10-14,1.9183748990763,1.8485595561467,0.0698153429295978
2013-10-15,1.95975456875749,1.9270796130517,0.0326749557057913
2013-10-16,2.01275002025068,2.04123440661613,-0.0284843863654505
2013-10-17,2.02296701376326,2.04123440661613,-0.0182673928528647
2013-10-18,2.02137056970969,2.04123440661613,-0.0198638369064401
2013-10-19,2.01714088534936,1.35236246250906,0.664778422840303
2013-10-20,2.01527350628749,1.26308703565334,0.752186470634148
2013-10-21,1.95635018963367,1.27273040595462,0.683619783679044
2013-10-22,1.89656942244619,1.3060153097434,0.590554112702796
2013-10-23,1.90333880018443,1.36698918751822,0.536349612666207
2013-10-24,1.91171792754903,1.36698918751822,0.544728740030813
2013-10-25,1.9029274340719,1.36698918751822,0.535938246553677
2013-10-26,1.893704011105,1.46625219556988,0.427451815535117
2013-10-27,1.9290261156857,1.4291847807402,0.499841334945498
2013-10-28,1.91037419810891,1.49261620377698,0.417757994331936
2013-10-29,1.89833422005177,1.60716651541148,0.291167704640284
2013-10-30,1.94627485005185,1.59946201705973,0.346812832992118
2013-10-31,1.89708622824401,1.59946201705973,0.297624211184275
2013-11-01,2.01103973947465,1.59946201705973,0.411577722414922
2013-11-02,2.00718374643475,1.85486804294298,0.152315703491768
2013-11-03,2.00462354533374,2.01848413615725,-0.0138605908235037
2013-11-04,1.98122075106949,2.02805406268082,-0.0468333116113384
2013-11-05,1.95295850699767,1.98442255604562,-0.0314640490479403
2013-11-06,1.9517023647204,1.90221174050468,0.0494906242157196
2013-11-07,1.96138808084652,1.90221174050468,0.0591763403418337
2013-11-08,1.96737314900383,1.90221174050468,0.065161408499149
2013-11-09,1.97345510870218,2.11280792284726,-0.139352814145078
2013-11-10,2.01353738922626,2.17197289018324,-0.158435500956982
2013-11-11,2.0499434764497,2.18368908045489,-0.133745604005194
2013-11-12,2.10228755231947,2.15089170582033,-0.0486041535008606
2013-11-13,2.09119612118229,2.25575440631459,-0.164558285132293
2013-11-14,2.05666976841167,2.25575440631459,-0.19908463790292
2013-11-15,2.05217676749453,2.25575440631459,-0.203577638820057
2013-11-16,2.04551220452413,2.28767263614576,-0.242160431621631
2013-11-17,2.01643612794578,2.34638172358856,-0.32994559564278
2013-11-18,1.97720996802673,2.31805962081433,-0.340849652787606
2013-11-19,1.93844258645549,2.1402965530891,-0.201853966633606
2013-11-20,1.92951281089336,2.03392956028563,-0.104416749392276
2013-11-21,1.93757902970538,2.03392956028563,-0.0963505305802572
2013-11-22,1.9223150247708,2.03392956028563,-0.111614535514836
2013-11-23,1.90318633196875,1.79676474181348,0.106421590155275
2013-11-24,1.88481904333457,1.63636256144752,0.248456481887051
2013-11-25,1.92086281115189,1.69773077109953,0.223132040052363
2013-11-26,1.96084168879315,1.69252050677246,0.268321182020689
2013-11-27,1.92815538169816,1.78336114367801,0.144794238020156
2013-11-28,1.8902553319931,1.78336114367801,0.106894188315098
2013-11-29,1.86052415333688,1.78336114367801,0.0771630096588776
2013-11-30,1.83319679764099,1.59814922707016,0.23504757057083
2013-12-01,1.91545034106821,1.52334479459935,0.392105546468858
2013-12-02,1.911716257222,1.4949135304737,0.416802726748299
2013-12-03,1.8421446448192,1.48136941544991,0.360775229369287
2013-12-04,1.86679971497506,1.50720603114681,0.359593683828247
2013-12-05,1.89556366321631,1.50720603114681,0.388357632069495
2013-12-06,1.87665580026805,1.50720603114681,0.369449769121242
2013-12-07,1.85988237825222,1.43152985097487,0.428352527277353
2013-12-08,1.85464623756707,1.36050013362364,0.494146103943425
2013-12-09,1.82370894332416,1.3261657340388,0.497543209285368
2013-12-10,1.83085042843595,1.52428737053488,0.306563057901076
2013-12-11,1.83116635587066,1.5964995454073,0.234666810463362
2013-12-12,1.90319704636931,1.5964995454073,0.306697500962012
2013-12-13,1.88673391612247,1.5964995454073,0.290234370715164
2013-12-14,1.8695234595798,1.56624267416942,0.303280785410381
2013-12-15,1.83410912659019,1.47589195313758,0.358217173452611
2013-12-16,1.78518752986565,1.36045120602167,0.424736323843982
2013-12-17,1.77642241306603,1.35644434225425,0.419978070811781
2013-12-18,1.71312886709347,1.32464618088413,0.38848268620934
2013-12-19,1.65016086446121,1.32464618088413,0.325514683577079
2013-12-20,1.62819030601531,1.32464618088413,0.303544125131179
2013-12-21,1.60504539310932,1.22830507448257,0.376740318626747
2013-12-22,1.56862482428551,1.21401590285792,0.35460892142759
2013-12-23,1.51633207965642,1.16046842170528,0.355863657951146
2013-12-24,1.4722938274499,1.13277626413728,0.339517563312626
2013-12-25,1.43074988480657,0.891457122542905,0.539292762263669
2013-12-26,1.42069370346144,0.891457122542905,0.529236580918534
2013-12-27,1.40063603501767,0.891457122542905,0.509178912474765
2013-12-28,1.38202093867585,0.8966031988875,0.485417739788351
2013-12-29,1.35525732720271,1.00375890416139,0.351498423041315
2013-12-30,1.3395708783064,1.02961281202773,0.309958066278675
2013-12-31,1.38307617930695,0.884866501685527,0.498209677621428
2014-01-01,1.26366512244567,0.861862768819442,0.40180235362623
2014-01-02,1.24204637482762,0.861862768819442,0.380183606008181
2014-01-03,1.26691367430612,0.861862768819442,0.405050905486682
2014-01-04,1.29393989499658,0.8677252482648,0.426214646731783
2014-01-05,1.36154977465048,0.918724023914247,0.442825750736237
2014-01-06,1.42160639632493,1.04381863403463,0.377787762290299
2014-01-07,1.26693799579516,1.11186261725752,0.155075378537643
2014-01-08,1.35185432946309,1.01073335353077,0.341120975932325
2014-01-09,1.28664666740224,1.01073335353077,0.275913313871469
2014-01-10,1.32470297021791,1.01073335353077,0.313969616687144
2014-01-11,1.36192647041753,1.19542227719069,0.166504193226837
2014-01-12,1.37694773357362,1.24971191642385,0.127235817149764
2014-01-13,1.41116087930277,1.28254219922828,0.128618680074491
2014-01-14,1.48558101197705,1.32227352675742,0.163307485219625
2014-01-15,1.50774947740138,1.4156210882238,0.0921283891775782
2014-01-16,1.5386738749221,1.4156210882238,0.123052786698299
2014-01-17,1.55286376923323,1.4156210882238,0.137242681009429
2014-01-18,1.56423596804962,1.53277419338599,0.0314617746636301
2014-01-19,1.55020860768855,1.44116419932526,0.10904440836329
2014-01-20,1.54708639066666,1.43565738911201,0.11142900155465
2014-01-21,1.58333139726892,1.55935930179371,0.0239720954752101
2014-01-22,1.59871463291347,1.56548411366361,0.0332305192498563
2014-01-23,1.61747898068279,1.56548411366361,0.0519948670191763
2014-01-24,1.63163894135505,1.56548411366361,0.0661548276914357
2014-01-25,1.64504902949557,1.52705543276945,0.117993596726115
2014-01-26,1.67210715729743,1.5866797533183,0.0854274039791372
2014-01-27,1.67849070578814,1.50855519035752,0.169935515430617
2014-01-28,1.65423846757039,1.42517416648674,0.229064301083657
2014-01-29,1.61348379543051,1.44170685730562,0.17177693812489
2014-01-30,1.57941255392507,1.44170685730562,0.137705696619446
2014-01-31,1.5687751704827,1.44170685730562,0.127068313177074
2014-02-01,1.68109231907874,1.32917077673086,0.351921542347888
2014-02-02,1.69578945357352,1.30086588585665,0.394923567716875
2014-02-03,1.67991302954033,1.51080727886185,0.169105750678482
2014-02-04,1.68687853775918,1.50883266498291,0.178045872776273
2014-02-05,1.69768581166863,1.50102101645096,0.196664795217678
2014-02-06,1.68475646199659,1.50102101645096,0.183735445545629
2014-02-07,1.68503526225686,1.50102101645096,0.184014245805904
2014-02-08,1.68530593253672,1.31645437679912,0.368851555737602
2014-02-09,1.68571700109169,1.3085662970051,0.377150704086584
2014-02-10,1.65630117151886,1.30689466426723,0.349406507251633
2014-02-11,1.6331991571933,1.26383195139069,0.369367205802617
2014-02-12,1.63270064909011,1.3805889947436,0.252111654346512
2014-02-13,1.66680378047749,1.3805889947436,0.286214785733895
2014-02-14,1.65161098027602,1.3805889947436,0.271021985532419
2014-02-15,1.63397754030302,1.37022886412378,0.263748676179239
2014-02-16,1.58769970666617,1.30337059747166,0.284329109194516
2014-02-17,1.56773078395054,1.34897443996547,0.218756343985064
2014-02-18,1.53518945956603,1.37068115177028,0.164508307795742
2014-02-19,1.58114419039339,1.43347324104784,0.147670949345552
2014-02-20,1.54607035219669,1.43347324104784,0.112597111148858
2014-02-21,1.54911104869097,1.43347324104784,0.115637807643139
2014-02-22,1.51764696557075,1.42731940798669,0.0903275575840536
2014-02-23,1.47725614951923,1.50541660797494,-0.0281604584557018
2014-02-24,1.44949139980599,1.3267501595144,0.122741240291588
2014-02-25,1.4400146054104,1.34114194730922,0.098872658101179
2014-02-26,1.38522138167173,1.43348313475116,-0.0482617530794371
2014-02-27,1.38281397381797,1.43348313475116,-0.0506691609331895
2014-02-28,1.38054985669442,1.43348313475116,-0.0529332780567486
2014-03-01,1.489688499365,1.65684065999815,-0.167152160633145
2014-03-02,1.49724074732512,1.72007994935315,-0.222839202028032
2014-03-03,1.53560423897579,1.72522434490035,-0.189620105924561
2014-03-04,1.57286473410204,1.71803105130655,-0.145166317204513
2014-03-05,1.56769178062677,1.68526396778068,-0.117572187153906
2014-03-06,1.55928078992292,1.68526396778068,-0.125983177857757
2014-03-07,1.56658084923401,1.68526396778068,-0.118683118546665
2014-03-08,1.57587641244754,1.71928340315358,-0.143406990706041
2014-03-09,1.58443098096177,1.84754740839125,-0.263116427429475
2014-03-10,1.6095157568343,1.83759241062665,-0.228076653792356
2014-03-11,1.59371371660382,1.85520645329386,-0.261492736690047
2014-03-12,1.58995108865201,1.89213732504442,-0.302186236392404
2014-03-13,1.60115566756576,1.89213732504442,-0.290981657478656
2014-03-14,1.6210193480365,1.89213732504442,-0.271117977007921
2014-03-15,1.63951591169462,1.92157225456024,-0.282056342865625
2014-03-16,1.64019347773865,1.84145708036388,-0.201263602625234
2014-03-17,1.66418875800446,2.17758006048946,-0.513391302485005
2014-03-18,1.66874991171062,2.16238898832545,-0.493639076614826
2014-03-19,1.83898157253861,2.12265817252283,-0.283676599984214
2014-03-20,1.84651809372008,2.12265817252283,-0.27614007880275
2014-03-21,1.84809243772179,2.12265817252283,-0.27456573480104
2014-03-22,1.84818672947586,1.94663017006141,-0.098443440585553
2014-03-23,1.83709256770089,1.91791326456597,-0.0808206968650738
2014-03-24,1.82417173380964,1.948928525235,-0.12475679142537
2014-03-25,1.81495955586433,1.97068272603228,-0.155723170167941
2014-03-26,1.83272918709554,1.96045137216991,-0.127722185074375
2014-03-27,1.83651934470981,1.96045137216991,-0.123932027460099
2014-03-28,1.83214141987264,1.96045137216991,-0.128309952297271
2014-03-29,1.81842398317531,1.92004981064537,-0.101625827470058
2014-03-30,1.81470974558033,1.83751263363262,-0.022802888052289
2014-03-31,1.80971983005293,1.86343059358573,-0.0537107635328025
2014-04-01,1.90534908743575,1.88709331693161,0.0182557705041468
2014-04-02,1.89245396316983,1.89987199870599,-0.0074180355361666
2014-04-03,1.89826919557527,1.89987199870599,-0.00160280313072758
2014-04-04,1.89915450615808,1.89987199870599,-0.000717492547910981
2014-04-05,1.90213610883802,1.90470908017042,-0.00257297133239498
2014-04-06,1.96589219989255,1.94737204985719,0.0185201500353567
2014-04-07,1.96209638030268,1.63374007261802,0.328356307684658
2014-04-08,1.95758396573365,1.63840068082026,0.319183284913391
2014-04-09,1.79872738430277,1.62458687346942,0.174140510833344
2014-04-10,1.81550487596542,1.62458687346942,0.190918002495995
2014-04-11,1.82196081290022,1.62458687346942,0.197373939430794
2014-04-12,1.82771015493199,1.7303050503052,0.0974051046267881
2014-04-13,1.87290825694799,1.70100101656866,0.171907240379338
2014-04-14,1.91396063286811,1.64602677885577,0.267933854012341
2014-04-15,1.96288679447025,1.57786843635074,0.385018358119515
2014-04-16,1.96937683830038,1.57417440325682,0.395202435043552
2014-04-17,1.99636526964605,1.57417440325682,0.422190866389224
2014-04-18,1.99657533504069,1.57417440325682,0.422400931783864
2014-04-19,1.9940146394074,1.65406605814466,0.339948581262739
2014-04-20,1.98816163465381,1.68374360833946,0.304418026314344
2014-04-21,1.99702977202833,1.64439586457077,0.352633907457554
2014-04-22,2.00920588383451,1.65064887354723,0.358557010287279
2014-04-23,1.9870290979743,1.52894034423971,0.458088753734585
2014-04-24,1.99188327789307,1.52894034423971,0.462942933653351
2014-04-25,1.98874600976706,1.52894034423971,0.459805665527341
2014-04-26,1.96628152113408,1.66184581755575,0.304435703578332
2014-04-27,1.9076200472191,1.67796523911368,0.229654808105416
2014-04-28,1.93909568712115,1.80745569759162,0.13163998952953
2014-04-29,1.91510943043977,1.82901468507379,0.0860947453659795
2014-04-30,1.94557914417237,1.83713831790201,0.108440826270361
2014-05-01,2.06168380752206,1.83713831790201,0.224545489620049
2014-05-02,2.04840443469584,1.83713831790201,0.21126611679383
2014-05-03,2.03671175427735,1.73638954526907,0.300322209008276
2014-05-04,2.00596477184445,1.81643100401635,0.189533767828092
2014-05-05,2.02414411958307,1.92744010951546,0.096704010067608
2014-05-06,2.01858518924564,1.89951456987968,0.119070619365963
2014-05-07,2.01174282375723,1.89786463083019,0.113878192927045
2014-05-08,2.03332291450351,1.89786463083019,0.135458283673329
2014-05-09,2.03585184272379,1.89786463083019,0.137987211893601
2014-05-10,2.03869091626257,1.88338392303959,0.155306993222981
2014-05-11,2.03836234007031,1.83331396623348,0.205048373836823
2014-05-12,2.01781317777932,1.9155353973608,0.102277780418518
2014-05-13,2.04705386795104,1.95134349308647,0.0957103748645616
2014-05-14,2.06237220019102,2.05546659569237,0.0069056044986513
2014-05-15,1.98822062369436,2.05546659569237,-0.0672459719980094
2014-05-16,1.99237543717027,2.05546659569237,-0.0630911585221026
2014-05-17,1.99437397252768,1.81596480434089,0.178409168186797
2014-05-18,1.97614866867661,1.74144413995741,0.234704528719209
2014-05-19,1.96462321281433,1.65618067771539,0.308442535098943
2014-05-20,1.99517008243129,1.65211033721024,0.343059745221046
2014-05-21,1.95639853551984,1.60623883049983,0.350159705020005
2014-05-22,1.91470096260309,1.60623883049983,0.308462132103259
2014-05-23,1.89931250270456,1.60623883049983,0.293073672204728
2014-05-24,1.88287932192907,1.70328411701055,0.17959520491852
2014-05-25,1.87386122718453,1.62899493995939,0.244866287225148
2014-05-26,1.88904942339286,1.54285982730875,0.34618959608411
2014-05-27,1.86132235033438,1.62771174508133,0.233610605253042
2014-05-28,1.87788941152394,1.5589001396076,0.318989271916337
2014-05-29,1.86895182169974,1.5589001396076,0.310051682092138
2014-05-30,1.85865275608376,1.5589001396076,0.299752616476156
2014-05-31,1.85054256906733,1.54635855906034,0.304184010006993
2014-06-01,1.96179091697559,1.61237604401062,0.349414872964969
2014-06-02,1.91463865479454,1.54160535374386,0.373033301050684
2014-06-03,1.85616547102109,1.4754409649238,0.380724506097284
2014-06-04,1.85308500239626,1.42545102238302,0.427633980013236
2014-06-05,1.84424503194168,1.42545102238302,0.418794009558662
2014-06-06,1.83226304780692,1.42545102238302,0.406812025423899
2014-06-07,1.82262192061171,1.52167278006345,0.300949140548256
2014-06-08,1.83792444644496,1.54512496078051,0.292799485664453
2014-06-09,1.83495814306661,1.58893176784839,0.246026375218223
2014-06-10,1.84954755473882,1.57246964131756,0.277077913421264
2014-06-11,1.90028927614912,1.66534863006204,0.23494064608708
2014-06-12,1.91898100590333,1.66534863006204,0.25363237584129
2014-06-13,1.91831987444311,1.66534863006204,0.25297124438107
2014-06-14,1.91712025459856,1.92067251006807,-0.00355225546951021
2014-06-15,1.91561803640798,2.00193610609088,-0.0863180696828993
2014-06-16,1.90414067963138,2.04535569472577,-0.141215015094386
2014-06-17,1.88992344308645,1.9991642770493,-0.10924083396285
2014-06-18,1.9018618487753,2.04945319752105,-0.147591348745755
2014-06-19,1.89828252885491,2.04945319752105,-0.151170668666146
2014-06-20,1.89367806678638,2.04945319752105,-0.155775130734674
2014-06-21,1.88776673283428,2.17261837481866,-0.284851641984385
2014-06-22,1.88433761103079,2.15413615637074,-0.269798545339957
2014-06-23,1.88270135130733,2.14271831470444,-0.260016963397111
2014-06-24,1.8964742552489,2.12918586417572,-0.232711608926811
2014-06-25,1.86538219405338,2.01519191754977,-0.149809723496389
2014-06-26,1.86980186123401,2.01519191754977,-0.145390056315761
2014-06-27,1.86157131707296,2.01519191754977,-0.153620600476813
2014-06-28,1.85456878063269,1.95937351289668,-0.104804732263994
2014-06-29,1.85415695304982,1.9538149430207,-0.0996579899708792
2014-06-30,1.80169464880601,1.83963251901781,-0.0379378702118041
2014-07-01,1.88729646569118,2.0039569634067,-0.116660497715522
2014-07-02,1.87846892513335,1.95841384385035,-0.0799449187169989
2014-07-03,1.87696048943326,1.95841384385035,-0.0814533544170877
2014-07-04,1.8790601042565,1.95841384385035,-0.0793537395938506
2014-07-05,1.88346729194745,1.63394516777711,0.249522124170341
2014-07-06,1.87156802928075,1.59286917631779,0.278698852962963
2014-07-07,1.92744822800159,1.54845495466421,0.37899327333738
2014-07-08,1.95742913568392,1.52674068252014,0.430688453163788
2014-07-09,1.9615839975886,1.49901041584857,0.462573581740032
2014-07-10,2.05912974663079,1.49901041584857,0.560119330782215
2014-07-11,2.07613457785919,1.49901041584857,0.577124162010621
2014-07-12,2.09270177129656,1.46416971433735,0.628532056959207
2014-07-13,2.11815174343064,1.41902926146417,0.699122481966475
2014-07-14,2.12258500047028,1.51639657606286,0.606188424407421
2014-07-15,2.13249563332647,1.52429868982404,0.608196943502433
2014-07-16,2.16179177910089,1.80819103424922,0.353600744851671
2014-07-17,2.18145526666194,1.80819103424922,0.373264232412718
2014-07-18,2.18490501027554,1.80819103424922,0.376713976026319
2014-07-19,2.18566349055618,1.88371514292857,0.301948347627611
2014-07-20,2.1595748802647,1.97051532238137,0.189059557883329
2014-07-21,2.1228928649798,1.99793160859814,0.124961256381667
2014-07-22,2.11385983321816,1.82735342438538,0.28650640883278
2014-07-23,2.08326880447567,1.73385447517237,0.349414329303299
2014-07-24,2.08548538712785,1.73385447517237,0.351630911955481
2014-07-25,2.07462993310764,1.73385447517237,0.340775457935278
2014-07-26,2.06281883642077,1.78564548193517,0.277173354485609
2014-07-27,2.0103494678624,2.27896402590787,-0.268614558045469
2014-07-28,2.04181260988116,2.24877807186102,-0.206965461979859
2014-07-29,2.00085922470316,2.26648920684097,-0.265629982137809
2014-07-30,1.97140547214076,2.27132032006787,-0.299914847927115
2014-07-31,1.98537751333788,2.27132032006787,-0.285942806729994
2014-08-01,2.10014969483018,2.27132032006787,-0.171170625237695
2014-08-02,2.09690716816112,2.21044874423744,-0.113541576076319
2014-08-03,2.08706695493311,2.19648861844914,-0.109421663516032
2014-08-04,2.09822173323482,2.40702315487306,-0.30880142163824
2014-08-05,2.11331228259951,2.50120365117843,-0.387891368578924
2014-08-06,2.14659644616768,2.33338412518177,-0.186787679014097
2014-08-07,2.15297840349376,2.33338412518177,-0.180405721688012
2014-08-08,2.18846216611564,2.33338412518177,-0.144921959066133
2014-08-09,2.22001731675118,2.34752134010587,-0.127504023354689
2014-08-10,2.24883975181729,2.37730042872674,-0.128460676909449
2014-08-11,2.24255661619827,2.35462143317896,-0.11206481698069
2014-08-12,2.25381421437487,2.35442188452051,-0.100607670145638
2014-08-13,2.25741949258372,2.49385288830033,-0.236433395716606
2014-08-14,2.26465928414837,2.49385288830033,-0.229193604151963
2014-08-15,2.26829345757142,2.49385288830033,-0.225559430728911
2014-08-16,2.26959022413939,2.75818066325537,-0.488590439115983
2014-08-17,2.30055927718058,2.21881514624942,0.0817441309311624
2014-08-18,2.26227543037385,2.23565562892118,0.0266198014526648
2014-08-19,2.2658831672743,2.27283548901333,-0.00695232173903637
2014-08-20,2.24514029733837,2.39211398720235,-0.146973689863986
2014-08-21,2.24533319706097,2.39211398720235,-0.14678079014138
2014-08-22,2.22953108837828,2.39211398720235,-0.162582898824072
2014-08-23,2.21241686213762,2.27329140901376,-0.06087454687614
2014-08-24,2.17301170341671,2.30754231032835,-0.134530606911641
2014-08-25,2.15583122521639,2.02057291526064,0.13525830995575
2014-08-26,2.12344141677022,1.94376919939833,0.179672217371887
2014-08-27,2.0907831559889,1.98078702183323,0.109996134155673
2014-08-28,2.02759938780218,1.98078702183323,0.0468123659689552
2014-08-29,2.00846228841692,1.98078702183323,0.0276752665836937
2014-08-30,1.99125090800226,2.00231516069098,-0.011064252688723
2014-08-31,2.02820415003225,1.94357816017787,0.0846259898543795
2014-09-01,2.17684058751911,2.05082192870797,0.126018658811137
2014-09-02,2.16417725803331,2.08896776059835,0.0752094974349515
2014-09-03,2.1774440058507,2.11740685621604,0.0600371496346628
2014-09-04,2.12418633978814,2.11740685621604,0.00677948357209912
2014-09-05,2.13277717120945,2.11740685621604,0.0153703149934148
2014-09-06,2.14363985555246,1.82747580642112,0.316164049131341
2014-09-07,2.16403440386057,1.90849039174757,0.255544012113001
2014-09-08,2.16123846545815,1.93002752216735,0.231210943290805
2014-09-09,2.18756369967014,1.87828607446074,0.309277625209394
2014-09-10,2.2852197829634,1.7883891890133,0.496830593950096
2014-09-11,2.30420418106951,1.7883891890133,0.515814992056209
2014-09-12,2.31180562637746,1.7883891890133,0.523416437364164
2014-09-13,2.31885576434433,2.0266249894331,0.292230774911237
2014-09-14,2.44115442037582,2.11495396158281,0.326200458793018
2014-09-15,2.45365377468988,2.10099643638572,0.352657338304167
2014-09-16,2.46888345340267,2.12701045280741,0.341873000595259
2014-09-17,2.48004330741242,2.06340906330849,0.416634244103927
2014-09-18,2.56286083348095,2.06340906330849,0.499451770172465
2014-09-19,2.55574413156137,2.06340906330849,0.49233506825288
2014-09-20,2.5471564065665,2.10830117873459,0.438855227831912
2014-09-21,2.47720603598282,2.13853381794293,0.33867221803989
2014-09-22,2.45744844619185,2.04930756662588,0.408140879565964
2014-09-23,2.45861382316798,2.08295850778716,0.375655315380823
2014-09-24,2.41481577930972,1.99754089025245,0.417274889057272
2014-09-25,2.37439028965309,1.99754089025245,0.376849399400645
2014-09-26,2.36696958588436,1.99754089025245,0.369428695631914
2014-09-27,2.36053982377052,2.01184817391619,0.348691649854336
2014-09-28,2.50017449166626,1.95779567516003,0.54237881650623
2014-09-29,2.53668132983148,2.01866384458612,0.518017485245366
2014-09-30,2.51562467822805,2.29069925938113,0.224925418846925
2014-10-01,2.57994315586984,2.45541969136219,0.124523464507649
2014-10-02,2.58870584890246,2.45541969136219,0.133286157540271
2014-10-03,2.59716267324984,2.45541969136219,0.141742981887648
2014-10-04,2.60785271413624,2.38429538801929,0.223557326116948
2014-10-05,2.59028658363968,2.2856497479686,0.304636835671078
2014-10-06,2.60643076431006,2.32156760326388,0.284863161046182
2014-10-07,2.60270114429295,2.47927291534625,0.123428228946703
2014-10-08,2.63055612426251,2.96393019566944,-0.333374071406928
2014-10-09,2.56465859524906,2.96393019566944,-0.399271600420382
2014-10-10,2.58625941816717,2.96393019566944,-0.377670777502265
2014-10-11,2.60757544729859,2.98970338908161,-0.382127941783028
2014-10-12,2.64983911346644,3.15325900377176,-0.503419890305322
2014-10-13,2.6657858081162,3.1909652118196,-0.525179403703406
2014-10-14,2.69138931110501,3.28152388505651,-0.590134573951494
2014-10-15,2.75410381145775,3.30625725004756,-0.552153438589808
2014-10-16,2.82322228886187,3.30625725004756,-0.48303496118569
2014-10-17,2.84028954152018,3.30625725004756,-0.465967708527383
2014-10-18,2.85476680379361,3.23639518090119,-0.38162837710758
2014-10-19,2.71126196533442,3.49828459042129,-0.787022625086875
2014-10-20,2.6583156529814,3.46137105607659,-0.803055403095192
2014-10-21,2.65451869368553,3.32020173822319,-0.66568304453766
2014-10-22,2.64927058853209,3.35107678174361,-0.701806193211516
2014-10-23,2.71818321291357,3.35107678174361,-0.632893568830033
2014-10-24,2.71458552591503,3.35107678174361,-0.63649125582858
2014-10-25,2.70998473465443,3.3034322477944,-0.593447513139976
2014-10-26,2.75776906311512,3.39163634488914,-0.633867281774021
2014-10-27,2.72235920187086,3.40137207111842,-0.679012869247557
2014-10-28,2.70889528188854,3.24148010625147,-0.532584824362926
2014-10-29,2.6401524040848,3.01221151188811,-0.372059107803306
2014-10-30,2.64502166537568,3.01221151188811,-0.367189846512428
2014-10-31,2.63931053923443,3.01221151188811,-0.372900972653678
2014-11-01,2.75250770756975,2.99981347388207,-0.247305766312318
2014-11-02,2.83490420226008,2.81838299839274,0.0165212038673386
2014-11-03,2.89755711704493,2.95108373219258,-0.0535266151476592
2014-11-04,2.89959913305938,2.89800893802051,0.00159019503887015
2014-11-05,2.88559085503221,2.96239606596655,-0.0768052109343476
2014-11-06,2.82935133948922,2.96239606596655,-0.133044726477332
2014-11-07,2.83423604629934,2.96239606596655,-0.128160019667215
2014-11-08,2.83972954843193,2.98950112351386,-0.149771575081926
2014-11-09,2.87027983181179,2.90684224913367,-0.0365624173218881
2014-11-10,2.8832522239536,2.98044416451302,-0.097191940559417
2014-11-11,2.89341695234179,2.98168544823351,-0.0882684958917186
2014-11-12,2.86093960795552,2.78859932910313,0.0723402788523839
2014-11-13,2.91271912120283,2.78859932910313,0.124119792099695
2014-11-14,2.90699065290391,2.78859932910313,0.118391323800783
2014-11-15,2.89935285784304,2.82654717300189,0.0728056848411551
2014-11-16,2.90163488313556,2.77044782245008,0.131187060685482
2014-11-17,2.89086703304201,2.7611924031344,0.129674629907616
2014-11-18,2.92210082709789,2.63302154555063,0.289079281547263
2014-11-19,2.84757641423494,2.28814360862306,0.559432805611876
2014-11-20,2.79725202638656,2.28814360862306,0.509108417763498
2014-11-21,2.79079302120954,2.28814360862306,0.502649412586477
2014-11-22,2.78310055378824,2.35699907055426,0.42610148323398
2014-11-23,2.7046555262059,2.34403045274713,0.360625073458767
2014-11-24,2.63272155914456,2.22609690190195,0.406624657242604
2014-11-25,2.61023778095841,2.55562970623858,0.0546080747198334
2014-11-26,2.6069065593183,2.55288049218708,0.0540260671312214
2014-11-27,2.62445875816047,2.55288049218708,0.0715782659733892
2014-11-28,2.59145219344646,2.55288049218708,0.0385717012593747
2014-11-29,2.53761531785131,3.076246007073,-0.538630689221691
2014-11-30,2.42328345123678,2.96018474103054,-0.536901289793754
2014-12-01,2.46321201976389,3.00237574352543,-0.539163723761542
2014-12-02,2.45873064734042,2.87824317745995,-0.419512530119529
2014-12-03,2.41338430903852,2.90154310144421,-0.488158792405688
2014-12-04,2.38939052820206,2.90154310144421,-0.512152573242151
2014-12-05,2.36622041929513,2.90154310144421,-0.535322682149075
2014-12-06,2.34552559629083,2.83390977056085,-0.488384174270022
2014-12-07,2.29745500581339,2.87584326537226,-0.578388259558873
2014-12-08,2.28454335452989,2.89592019927364,-0.611376844743757
2014-12-09,2.22796534001827,3.02888670156355,-0.800921361545277
2014-12-10,2.31631435127929,3.1744751991754,-0.858160847896116
2014-12-11,2.31870223535225,3.1744751991754,-0.855772963823157
2014-12-12,2.312181414105,3.1744751991754,-0.862293785070407
2014-12-13,2.30539022339508,3.06962438377882,-0.76423416038374
2014-12-14,2.2798709073104,3.05319428807932,-0.773323380768924
2014-12-15,2.2644529370591,3.01561102398119,-0.751158086922081
2014-12-16,2.22813723096624,2.50142349818977,-0.273286267223526
2014-12-17,2.19437538133934,2.28559865065032,-0.0912232693109769
2014-12-18,2.28722392069176,2.28711086353727,0.000113057154487617
2014-12-19,2.26490035746247,2.28711086353727,-0.022210506074805
2014-12-20,2.2411606842652,1.689950931102,0.551209753163197
2014-12-21,2.18162804748863,1.65894704208112,0.522681005407508
2014-12-22,2.16474088886753,1.56331128763724,0.601429601230286
2014-12-23,2.16485643526539,1.48274914658654,0.682107288678851
2014-12-24,2.0843018963933,1.38656687570586,0.69773502068744
2014-12-25,1.93745159870014,1.38656687570586,0.550884722994277
2014-12-26,1.95633200369775,1.38656687570586,0.569765127991894
2014-12-27,1.93034469243139,1.37854078447971,0.551803907951682
2014-12-28,1.90617199195549,1.31202008845668,0.594151903498806
2014-12-29,1.84947888273746,1.26709820600549,0.582380676731963
2014-12-30,1.86648929631338,1.27530292665626,0.591186369657113
2014-12-31,1.79889504867606,1.20949623351521,0.589398815160854
2015-01-01,1.6694859797135,1.20949623351521,0.459989746198294
2015-01-02,1.74586198572069,1.20949623351521,0.536365752205489
2015-01-03,1.77742989966646,1.21871538336736,0.558714516299103
2015-01-04,1.80721312365495,1.1954541771199,0.611758946535049
2015-01-05,1.84219648921862,1.26260247795566,0.579594011262958
2015-01-06,1.82875304715708,1.45627417483978,0.372478872317294
2015-01-07,1.84528970625252,1.58192452003873,0.263365186213786
2015-01-08,1.77139662066475,1.58041230714799,0.190984313516757
2015-01-09,1.80769534083083,1.58041230714799,0.227283033682844
2015-01-10,1.84381499420851,1.5891917876386,0.254623206569914
2015-01-11,1.9888258241117,1.58414242922702,0.404683394884676
2015-01-12,1.99034631997347,1.61354099563142,0.376805324342045
2015-01-13,2.04647968150675,1.71367002467559,0.332809656831165
2015-01-14,2.10885936906561,1.83251748617478,0.27634188289083
2015-01-15,2.18015559297055,1.83251748617478,0.347638106795767
2015-01-16,2.20610277773812,1.83251748617478,0.373585291563341
2015-01-17,2.22934792703018,1.86245741655315,0.366890510477027
2015-01-18,2.24855480529368,1.86464033636258,0.383914468931095
2015-01-19,2.24412341741845,1.91197172787101,0.332151689547444
2015-01-20,2.2298190635629,1.91045928286934,0.319359780693564
2015-01-21,2.33366286172532,2.00237244594047,0.331290415784849
2015-01-22,2.31208839430474,2.00237244594047,0.309715948364271
2015-01-23,2.3212707855273,2.00237244594047,0.318898339586838
2015-01-24,2.32915514335036,1.95742328479059,0.371731858559777
2015-01-25,2.34261318854988,1.96174915276896,0.380864035780911
2015-01-26,2.38413764210418,2.01804165194711,0.366095990157068
2015-01-27,2.34679294098169,2.07300160402179,0.273791336959896
2015-01-28,2.31265654135495,2.13275692746484,0.179899613890114
2015-01-29,2.31176244700328,2.13275692746484,0.179005519538435
2015-01-30,2.29313794663176,2.13275692746484,0.160381019166919
2015-01-31,2.27603098424152,2.3033650482493,-0.027334064007789
2015-02-01,2.30440645571798,2.29326207324755,0.0111443824704263
2015-02-02,2.29989271052182,2.31735881614904,-0.0174661056272272
2015-02-03,2.38726463029161,2.30161582645499,0.0856488038366225
2015-02-04,2.35630029812455,2.2350812254709,0.121219072653654
2015-02-05,2.36847902275622,2.2350812254709,0.133397797285321
2015-02-06,2.36154631059617,2.2350812254709,0.12646508512527
2015-02-07,2.35511435568333,2.32929260632432,0.0258217493590074
2015-02-08,2.3235197653994,2.28195784742076,0.0415619179786364
2015-02-09,2.32328648725525,2.2438960005453,0.0793904867099413
2015-02-10,2.29525248985738,2.29753814051865,-0.00228565066127251
2015-02-11,2.19945938885212,2.23310972651603,-0.0336503376639121
2015-02-12,2.27187244500965,2.23310972651603,0.0387627184936172
2015-02-13,2.27904307376593,2.23310972651603,0.0459333472499019
2015-02-14,2.27010957570747,2.3007120466211,-0.0306024709136383
2015-02-15,2.26031137956306,2.3553054465965,-0.0949940670334404
2015-02-16,2.24139904789627,2.36166674664462,-0.120267698748358
2015-02-17,2.23538795113564,2.48151633798866,-0.246128386853029
2015-02-18,2.24576404225081,2.46107775900515,-0.215313716754338
2015-02-19,2.2591811241582,2.46107775900515,-0.201896634846947
2015-02-20,2.23376721097156,2.46107775900515,-0.227310548033586
2015-02-21,2.2066884865053,2.39653072353216,-0.189842237026856
2015-02-22,2.17536013107747,2.44639436167511,-0.271034230597641
2015-02-23,2.13812549645081,2.38978388862455,-0.251658392173741
2015-02-24,2.0514021627605,2.36370729213738,-0.312305129376884
2015-02-25,1.97519567981362,2.44915189677688,-0.473956216963255
2015-02-26,1.92078863224015,2.44915189677688,-0.528363264536732
2015-02-27,1.9204500131309,2.44915189677688,-0.528701883645975
2015-02-28,1.92166957212612,2.49068931008863,-0.569019737962513
2015-03-01,2.07034352514893,2.60962419384251,-0.539280668693579
2015-03-02,2.04961094586179,2.67489081858321,-0.625279872721423
2015-03-03,2.04693554760888,2.58859800528529,-0.54166245767641
2015-03-04,2.05032483255491,2.57379300814264,-0.523468175587733
2015-03-05,2.02558396942914,2.57379300814264,-0.548209038713504
2015-03-06,2.00865817628801,2.57379300814264,-0.565134831854631
2015-03-07,1.99402713635936,2.54153814797692,-0.547511011617552
2015-03-08,1.98799638682976,2.56814807368919,-0.580151686859422
2015-03-09,2.01247599674389,2.48972717119415,-0.477251174450263
2015-03-10,1.98071624431759,2.22254418510025,-0.24182794078266
2015-03-11,1.9744407008402,2.30480444638445,-0.330363745544249
2015-03-12,1.96342891734093,2.30480444638445,-0.341375529043519
2015-03-13,1.9599122365471,2.30480444638445,-0.344892209837356
2015-03-14,1.95599759882316,2.26407763978407,-0.308080040960914
2015-03-15,1.96527634770609,2.24833146672009,-0.283055119013999
2015-03-16,1.9433437960688,2.69366725157459,-0.750323455505786
2015-03-17,2.13687175698578,2.82285718808078,-0.685985431094993
2015-03-18,2.10427453322336,2.80484966165531,-0.700575128431946
2015-03-19,2.13289633067325,2.80484966165531,-0.671953330982059
2015-03-20,2.12492073467001,2.80484966165531,-0.679928926985294
2015-03-21,2.03062902064994,2.70008997799687,-0.669460957346933
2015-03-22,1.78520784573629,2.60812296744463,-0.822915121708336
2015-03-23,1.7750546708703,2.55385632932719,-0.778801658456882
2015-03-24,1.74996178876609,2.58225996971522,-0.832298180949138
2015-03-25,1.7390135792084,2.57106526488386,-0.832051685675458
2015-03-26,1.71661028591916,2.57106526488386,-0.854454978964702
2015-03-27,1.70177673758008,2.57106526488386,-0.869288527303786
2015-03-28,1.68756853602827,2.57293627940086,-0.885367743372594
2015-03-29,1.67543423268944,2.53983532712824,-0.864401094438798
2015-03-30,1.67405447317287,2.50673620989155,-0.832681736718673
2015-03-31,1.66755151748657,2.59119920281899,-0.92364768533242
2015-04-01,1.78272982640192,2.45456986423537,-0.671840037833455
2015-04-02,1.76772144017741,2.45456986423537,-0.686848424057963
2015-04-03,1.75762804318219,2.45456986423537,-0.69694182105318
2015-04-04,1.74975183070637,2.49588115063594,-0.746129319929567
2015-04-05,1.7449807242956,2.47220134513077,-0.727220620835167
2015-04-06,1.7390429941006,2.05280128685114,-0.31375829275054
2015-04-07,1.75493478495628,2.0013312260511,-0.246396441094822
2015-04-08,1.77323527587578,1.9539809088172,-0.180745632941423
2015-04-09,1.7538549550809,1.9539809088172,-0.200125953736303
2015-04-10,1.75699420971796,1.9539809088172,-0.19698669909924
2015-04-11,1.75922750169411,1.95906665979393,-0.199839158099819
2015-04-12,1.7776598664932,2.00306358661663,-0.225403720123432
2015-04-13,1.80024160724133,1.99120476181255,-0.190963154571216
2015-04-14,1.84721997892484,2.05992179925373,-0.212701820328894
2015-04-15,1.81521723186597,2.1225188841945,-0.307301652328527
2015-04-16,1.8549015908502,2.1225188841945,-0.267617293344295
2015-04-17,1.85255412291735,2.1225188841945,-0.269964761277145
2015-04-18,1.847538637463,2.05503008120837,-0.207491443745366
2015-04-19,1.85436985921115,2.02965206035717,-0.17528220114602
2015-04-20,1.84563433146104,2.04504097109793,-0.199406639636888
2015-04-21,1.83272371999919,1.94231156551254,-0.10958784551335
2015-04-22,1.79183186031878,1.93999824997393,-0.148166389655155
2015-04-23,1.75318283168599,1.93999824997393,-0.186815418287945
2015-04-24,1.73785979719833,1.93999824997393,-0.202138452775609
2015-04-25,1.72115654032677,1.91100325121566,-0.189846710888885
2015-04-26,1.74253768427297,1.97324921336597,-0.230711529092994
2015-04-27,1.74745698878542,1.90408679718051,-0.156629808395097
2015-04-28,1.69163804035634,1.86100273118083,-0.169364690824497
2015-04-29,1.68725145491771,1.85437235001973,-0.167120895102017
2015-04-30,1.75037370342761,1.85437235001973,-0.103998646592118
2015-05-01,1.8627451765351,1.85437235001973,0.00837282651536864
2015-05-02,1.86142643122002,1.78237520387158,0.0790512273484478
2015-05-03,1.86573866289109,1.75752168120745,0.108216981683642
2015-05-04,1.9323320845142,1.72376880066098,0.208563283853217
2015-05-05,1.8943923576735,1.63813242735935,0.256259930314145
2015-05-06,1.91376520367339,1.62024521279858,0.293519990874813
2015-05-07,1.92508806707337,1.62024521279858,0.304842854274796
2015-05-08,1.93190213385969,1.62024521279858,0.311656921061115
2015-05-09,1.93949527386576,1.65302717833179,0.28646809553397
2015-05-10,1.94202231569216,1.71844534779592,0.223576967896236
2015-05-11,1.88328084209934,1.78540539377175,0.0978754483275874
2015-05-12,1.86926776589826,1.79976921974304,0.0694985461552198
2015-05-13,1.90938160335645,1.74776820756042,0.161613395796027
2015-05-14,1.96366154123098,1.74776820756042,0.215893333670553
2015-05-15,1.96435101656243,1.74776820756042,0.216582809002009
2015-05-16,1.96319327410311,1.62490890756125,0.338284366541855
2015-05-17,1.90268684877083,1.54539781655931,0.35728903221152
2015-05-18,1.87849871860817,1.55092152634497,0.327577192263204
2015-05-19,1.8677542693913,1.59371788048367,0.274036388907628
2015-05-20,1.83345478400588,1.64542494553854,0.188029838467345
2015-05-21,1.79339380213059,1.64542494553854,0.147968856592059
2015-05-22,1.77412630710751,1.64542494553854,0.128701361568973
2015-05-23,1.75332670332864,1.62814685643114,0.125179846897499
2015-05-24,1.73269787291065,1.59948967228121,0.133208200629439
2015-05-25,1.67916493490338,1.65203020253398,0.0271347323694
2015-05-26,1.59806687990203,1.7610203485453,-0.162953468643264
2015-05-27,1.62270702049136,1.70914198416662,-0.086434963675255
2015-05-28,1.61199663113803,1.70914198416662,-0.09714535302859
2015-05-29,1.5866959807463,1.70914198416662,-0.122446003420318
2015-05-30,1.56309293117374,1.79777077253685,-0.234677841363103
2015-05-31,1.53875916544348,1.70771862152324,-0.168959456079757
2015-06-01,1.69044046988711,1.7377476074661,-0.0473071375789971
2015-06-02,1.70664803637192,1.78823800306035,-0.0815899666884325
2015-06-03,1.66811143793166,1.85001271531116,-0.181901277379501
2015-06-04,1.63439557282254,1.85001271531116,-0.215617142488617
2015-06-05,1.62914301920682,1.85001271531116,-0.220869696104336
2015-06-06,1.62651913799345,1.96365048489438,-0.337131346900924
2015-06-07,1.64139330107719,1.94203628166507,-0.300642980587881
2015-06-08,1.61953677237034,1.91510714875488,-0.295570376384537
2015-06-09,1.633998404257,1.89727342701209,-0.263275022755089
2015-06-10,1.6179710845463,1.87749027088214,-0.259519186335841
2015-06-11,1.61823906982318,1.87749027088214,-0.259251201058963
2015-06-12,1.61785226734355,1.87749027088214,-0.259638003538588
2015-06-13,1.61744391452521,1.91892077106455,-0.301476856539339
2015-06-14,1.64427891792729,1.99740875742216,-0.353129839494865
2015-06-15,1.65200003609061,2.02858981236532,-0.37658977627471
2015-06-16,1.68886622646824,1.93062364558054,-0.241757419112303
2015-06-17,1.65871971193701,1.96273069538277,-0.304010983445763
2015-06-18,1.69016156066209,1.96273069538277,-0.272569134720683
2015-06-19,1.69505835091695,1.96273069538277,-0.267672344465822
2015-06-20,1.69848718540743,1.78306908774511,-0.0845819023376764
2015-06-21,1.73841081606224,1.81025160310598,-0.0718407870437401
2015-06-22,1.70893762959167,1.64856420988881,0.0603734197028596
2015-06-23,1.71406776783988,1.62693924863026,0.0871285192096181
2015-06-24,1.75096683204174,1.50877237534309,0.242194456698654
2015-06-25,1.66452653286979,1.50877237534309,0.1557541575267
2015-06-26,1.6562975733541,1.50877237534309,0.147525198011009
2015-06-27,1.64876027405262,1.47143027299048,0.177330001062144
2015-06-28,1.63161039724946,1.52071311145599,0.110897285793475
2015-06-29,1.61462955316529,1.53566608611573,0.0789634670495556
2015-06-30,1.61827072873712,1.55409760737974,0.064173121357378
2015-07-01,1.71587790222839,1.56774149632696,0.148136405901426
2015-07-02,1.71727061644197,1.56774149632696,0.149529120115006
2015-07-03,1.7308818497695,1.56774149632696,0.163140353442544
2015-07-04,1.7468803175725,1.52427043078943,0.222609886783078
2015-07-05,1.73133105272427,1.47498489595132,0.256346156772954
2015-07-06,1.78259789571166,1.45597641421805,0.326621481493613
2015-07-07,1.72763106878847,1.47283953625711,0.254791532531359
2015-07-08,1.75058657722548,1.49452805986166,0.256058517363813
2015-07-09,1.78767638653517,1.49452805986166,0.293148326673504
2015-07-10,1.80379796493798,1.49452805986166,0.309269905076321
2015-07-11,1.82011716160923,1.55672616509585,0.263390996513387
2015-07-12,1.80222140112892,1.60213617077753,0.200085230351392
2015-07-13,1.82368621509522,1.63565434510899,0.188031869986229
2015-07-14,1.89985659811646,1.58260467866754,0.31725191944892
2015-07-15,1.92536734510213,1.66238810688213,0.262979238220003
2015-07-16,2.01650332147256,1.66238810688213,0.354115214590427
2015-07-17,2.02607772732154,1.66238810688213,0.363689620439407
2015-07-18,2.03311204258353,1.66266356410214,0.370448478481387
2015-07-19,2.05802190536633,1.64530995815911,0.412711947207224
2015-07-20,2.08929932350293,1.6309865312868,0.458312792216131
2015-07-21,2.10348117304966,1.60318329473522,0.50029787831444
2015-07-22,2.10133743891492,1.63208841981677,0.46924901909815
2015-07-23,2.05501602729782,1.63208841981677,0.42292760748105
2015-07-24,2.04219646798447,1.63208841981677,0.410108048167693
2015-07-25,2.02788691874593,1.62754807912368,0.400338839622254
2015-07-26,2.01822186121717,1.60910361436131,0.409118246855864
2015-07-27,1.99778039567173,1.52756555207324,0.470214843598483
2015-07-28,2.00385341001675,1.6012421395159,0.402611270500848
2015-07-29,2.0068167434074,1.56089354703795,0.445923196369447
2015-07-30,1.98030431801453,1.56089354703795,0.419410770976581
2015-07-31,1.9718376356177,1.56089354703795,0.410944088579752
2015-08-01,2.08301989221945,1.61286898983732,0.470150902382138
2015-08-02,2.06971453875303,1.58903631671531,0.480678222037722
2015-08-03,2.08435081876814,1.61172124954365,0.472629569224495
2015-08-04,2.12920326227322,1.65296997302758,0.476233289245638
2015-08-05,2.09291350794956,1.76502963621774,0.327883871731818
2015-08-06,2.05573348840699,1.76502963621774,0.290703852189243
2015-08-07,2.05703009478748,1.76502963621774,0.292000458569736
2015-08-08,2.059147156775,1.81887619396102,0.240270962813975
2015-08-09,2.0646036635153,2.00254552440866,0.0620581391066417
2015-08-10,2.06000667950138,1.99229752736702,0.0677091521343647
2015-08-11,2.05227152118459,1.96845731640986,0.0838142047747308
2015-08-12,2.03337795333937,1.90365892780523,0.129719025534142
2015-08-13,2.04293997399509,1.90365892780523,0.139281046189864
2015-08-14,2.04114636639133,1.90365892780523,0.137487438586105
2015-08-15,2.03748494107276,1.90780072712257,0.12968421395019
2015-08-16,2.0355332843028,1.89956547016061,0.135967814142191
2015-08-17,1.99797655269504,1.98221907177089,0.0157574809241452
2015-08-18,2.02090915013105,1.84932540651798,0.171583743613069
2015-08-19,2.01413494348526,1.86271298519293,0.151421958292326
2015-08-20,2.00480886595324,1.86271298519293,0.142095880760303
2015-08-21,2.00581804104149,1.86271298519293,0.143105055848559
2015-08-22,1.98251848341897,1.8042360024146,0.178282481004371
2015-08-23,1.93115364387631,1.81165972739661,0.119493916479703
2015-08-24,1.91757969604805,1.76759082694606,0.149988869101994
2015-08-25,1.84733006730676,1.78069744654993,0.0666326207568251
2015-08-26,1.8363095796667,1.72111327303019,0.115196306636518
2015-08-27,1.87100658379495,1.72111327303019,0.149893310764765
2015-08-28,1.85202432982624,1.72111327303019,0.130911056796049
2015-08-29,1.83093668054789,1.59069559090685,0.240241089641047
2015-08-30,1.84096681699157,1.38774637021934,0.453220446772231
2015-08-31,1.8396481606178,1.35814782495983,0.481500335657965
2015-09-01,1.94874086603522,1.40047521637578,0.548265649659447
2015-09-02,1.93619737448171,1.53525288322573,0.400944491255981
2015-09-03,1.97821148112416,1.53525288322573,0.442958597898436
2015-09-04,1.96649013180286,1.53525288322573,0.43123724857713
2015-09-05,1.95727735059336,1.54278433988373,0.414493010709627
2015-09-06,1.9540987899527,1.58686638190573,0.367232408046967
2015-09-07,1.99103670753539,1.57572309886747,0.415313608667921
2015-09-08,2.00566578796133,1.75313185477504,0.25253393318629
2015-09-09,2.00039711408317,1.79982380926863,0.200573304814542
2015-09-10,1.97794230934232,1.79982380926863,0.178118500073696
2015-09-11,1.97998460568488,1.79982380926863,0.180160796416248
2015-09-12,1.98200485855341,1.80128072859855,0.180724129954857
2015-09-13,2.0445294668898,1.75644963161469,0.288079835275113
2015-09-14,2.11562033044174,1.77241282288749,0.343207507554249
2015-09-15,2.10700416425243,1.79507446803425,0.311929696218179
2015-09-16,2.12296290509403,1.84115283803891,0.28181006705512
2015-09-17,2.09276772197336,1.84115283803891,0.251614883934452
2015-09-18,2.09202919201925,1.84115283803891,0.250876353980346
2015-09-19,2.08969773352146,1.96783855699493,0.121859176526528
2015-09-20,2.08512073941529,2.01167203124106,0.0734487081742325
2015-09-21,2.1060525579378,2.13585984560694,-0.0298072876691342
2015-09-22,2.0533770066686,2.11947463179227,-0.0660976251236702
2015-09-23,2.04474293766543,2.01971990925372,0.025023028411709
2015-09-24,2.00985599588603,2.01971990925372,-0.00986391336769588
2015-09-25,1.99528510076925,2.01971990925372,-0.0244348084844721
2015-09-26,1.98117755213752,2.03675445368168,-0.0555769015441578
2015-09-27,1.97787224734202,2.08980951197474,-0.11193726463272
2015-09-28,1.98908018833026,2.09967108374504,-0.110590895414779
2015-09-29,1.98222625302151,1.99520260490303,-0.0129763518815238
2015-09-30,1.97961403103545,1.99164288282342,-0.0120288517879699
2015-10-01,2.0808001505211,1.99164288282342,0.0891572676976766
2015-10-02,2.07401738176122,1.99164288282342,0.0823744989378001
2015-10-03,2.06953759305179,2.11114995252327,-0.0416123594714768
2015-10-04,2.03193565318361,2.13763815693611,-0.105702503752496
2015-10-05,1.97273931233212,2.17840601807625,-0.205666705744122
2015-10-06,1.99282909557223,2.56254436724789,-0.569715271675656
2015-10-07,2.0790539663285,2.53013371638685,-0.451079750058353
2015-10-08,2.11947427177802,2.53013371638685,-0.410659444608838
2015-10-09,2.14224403304979,2.53013371638685,-0.387889683337063
2015-10-10,2.16195779526606,2.49396176013675,-0.332003964870693
2015-10-11,2.15610116673633,2.52683107542965,-0.370729908693318
2015-10-12,2.25816845614463,2.50499928353339,-0.246830827388756
2015-10-13,2.25549351004884,2.63980029223724,-0.384306782188408
2015-10-14,2.30731224222109,2.65364201850947,-0.346329776288385
2015-10-15,2.32361479848623,2.65364201850947,-0.330027220023239
2015-10-16,2.33470033900812,2.65364201850947,-0.31894167950135
2015-10-17,2.34337161062285,2.63177488731011,-0.288403276687253
2015-10-18,2.32344278739765,2.57024854395818,-0.246805756560529
2015-10-19,2.35744306072593,2.61562866181125,-0.258185601085325
2015-10-20,2.31457991525531,2.92893905266164,-0.61435913740633
2015-10-21,2.31541925761849,2.99711173817354,-0.681692480555049
2015-10-22,2.3466014880687,2.99711173817354,-0.650510250104837
2015-10-23,2.34092236822471,2.99711173817354,-0.656189369948826
2015-10-24,2.33243729593232,2.8567395161511,-0.524302220218776
2015-10-25,2.3335136892274,2.91898919933193,-0.585475510104527
2015-10-26,2.35180960921571,2.93402021054498,-0.582210601329276
2015-10-27,2.35083600832149,2.51344134028098,-0.162605331959481
2015-10-28,2.29866737499833,2.47633210115103,-0.177664726152698
2015-10-29,2.26107143517584,2.47633210115103,-0.215260665975193
2015-10-30,2.23982134275138,2.47633210115103,-0.236510758399645
2015-10-31,2.21984189888462,2.52959025241867,-0.30974835353405
2015-11-01,2.32925911899656,2.50459602300915,-0.175336904012587
2015-11-02,2.29075564816594,2.61476147457053,-0.324005826404594
2015-11-03,2.3001357447356,2.54521417083258,-0.245078426096979
2015-11-04,2.24535381374881,2.56585053414942,-0.320496720400612
2015-11-05,2.24995119916275,2.56585053414942,-0.315899334986668
2015-11-06,2.25381689053029,2.56585053414942,-0.312033643619131
2015-11-07,2.25873248232529,2.59778828492594,-0.339055802600651
2015-11-08,2.26180854253471,2.63487332138615,-0.373064778851441
2015-11-09,2.25604689586908,2.62919260391797,-0.373145708048892
2015-11-10,2.27678383886814,2.36811288795316,-0.0913290490850147
2015-11-11,2.29558361507952,2.42512907098936,-0.12954545590984
2015-11-12,2.24828000413254,2.42512907098936,-0.176849066856823
2015-11-13,2.24364663101733,2.42512907098936,-0.181482439972035
2015-11-14,2.23743093339726,2.48383837305496,-0.246407439657693
2015-11-15,2.22968242317438,2.43820276520458,-0.208520342030196
2015-11-16,2.24056447483599,2.48573640418657,-0.245171929350575
2015-11-17,2.21371233696118,2.37194850148047,-0.158236164519295
2015-11-18,2.18243686296046,2.2631311034622,-0.0806942405017379
2015-11-19,2.13302178774029,2.2631311034622,-0.130109315721906
2015-11-20,2.10606901114807,2.2631311034622,-0.15706209231413
2015-11-21,2.07745314063504,2.22066835594804,-0.143215215312997
2015-11-22,2.03385433461517,2.20204621053444,-0.168191875919272
2015-11-23,2.03495031455532,2.14048191800367,-0.10553160344835
2015-11-24,1.988057221286,2.04463772335621,-0.0565805020702128
2015-11-25,2.0670476029627,1.99506150398799,0.0719860989747136
2015-11-26,2.07534962613136,1.99506150398799,0.0802881221433669
2015-11-27,2.03081191377714,1.99506150398799,0.0357504097891539
2015-11-28,2.03294147271663,2.0856110467374,-0.0526695740207694
2015-11-29,2.13797396840528,2.02675477423275,0.111219194172525
2015-11-30,2.02623857883736,1.95641015804006,0.0698284207973066
2015-12-01,2.13368837302551,1.86250353877177,0.271184834253737
2015-12-02,2.08605122426525,1.7320631088686,0.353988115396643
2015-12-03,2.06266359845176,1.7320631088686,0.330600489583159
2015-12-04,2.04369523609057,1.7320631088686,0.311632127221966
2015-12-05,2.02742490777746,1.75060346752221,0.276821440255247
2015-12-06,2.00360973738134,1.84339357141755,0.160216165963791
2015-12-07,1.97641045227647,1.81194269186877,0.164467760407702
2015-12-08,1.93033138150349,1.94042310963722,-0.0100917281337232
2015-12-09,1.97153058461845,2.12421003318146,-0.152679448563016
2015-12-10,1.9722419208847,2.12421003318146,-0.151968112296766
2015-12-11,1.96316513326019,2.12421003318146,-0.161044899921274
2015-12-12,1.9543639565818,2.22016494769125,-0.265800991109445
2015-12-13,1.96241033030674,2.23210895629703,-0.269698625990289
2015-12-14,1.97248742543161,2.16679613456428,-0.194308709132671
2015-12-15,2.01357558369637,2.08674848771504,-0.0731729040186728
2015-12-16,1.92669714707881,1.95004522690275,-0.0233480798239398
2015-12-17,1.8602674624417,1.95004522690275,-0.0897777644610542
2015-12-18,1.85938692325726,1.95004522690275,-0.0906583036454904
2015-12-19,1.85671275248751,1.88087163029824,-0.0241588778107336
2015-12-20,1.77041697525419,1.93168475843561,-0.161267783181416
2015-12-21,1.76853921893053,1.8673522116591,-0.0988129927285761
2015-12-22,1.71387171465904,1.82633108610328,-0.112459371444244
2015-12-23,1.67973152920604,1.68751749742452,-0.00778596821848687
2015-12-24,1.65607821918093,1.68751749742452,-0.0314392782435977
2015-12-25,1.58845779299736,1.68751749742452,-0.0990597044271642
2015-12-26,1.60990681196563,1.55562375916735,0.0542830527982796
2015-12-27,1.5739296420943,1.45076774731315,0.123161894781153
2015-12-28,1.36528711835854,1.35227621671836,0.013010901640182
2015-12-29,1.33887970237993,1.32169011058763,0.0171895917922926
2015-12-30,1.36469955742359,1.21816937364439,0.146530183779201
2015-12-31,1.37792358407751,1.21816937364439,0.159754210433117
2016-01-01,1.26957469806075,1.21816937364439,0.0514053244163606
2016-01-02,1.34597636200488,1.17761700828749,0.168359353717385
2016-01-03,1.35588887194172,1.24458524033536,0.111303631606353
2016-01-04,1.39112754259259,1.25253235599611,0.138595186596471
2016-01-05,1.47476350702345,1.39834370800452,0.0764197990189324
2016-01-06,1.59244674490765,1.64770590301385,-0.0552591581062061
2016-01-07,1.67753696953878,1.64770590301385,0.0298310665249246
2016-01-08,1.69527536304668,1.64770590301385,0.0475694600328225
2016-01-09,1.71451196819544,1.65457953787456,0.0599324303208759
2016-01-10,1.72863825364038,1.63234749698392,0.0962907566564655
2016-01-11,1.73802320938557,1.70338616575687,0.034637043628708
2016-01-12,1.78573047462851,1.80098204163277,-0.0152515670042639
2016-01-13,1.83874842757359,1.91253094444101,-0.0737825168674158
2016-01-14,1.9052791162394,1.91253094444101,-0.00725182820160852
2016-01-15,1.92334705824032,1.91253094444101,0.010816113799317
2016-01-16,1.93894153414294,1.96459144968926,-0.0256499155463166
2016-01-17,1.96577571053058,1.96167243353532,0.0041032769952547
2016-01-18,1.9792060777545,2.02821959284046,-0.0490135150859641
2016-01-19,2.00050518335775,2.14635806686799,-0.145852883510242
2016-01-20,1.99575578141958,2.2195159322771,-0.223760150857522
2016-01-21,2.00286606978625,2.2195159322771,-0.216649862490847
2016-01-22,2.00659740203992,2.2195159322771,-0.212918530237182
2016-01-23,2.008539410308,2.20621499774952,-0.197675587441512
2016-01-24,2.00015655299649,2.141392579529,-0.141236026532518
2016-01-25,2.01132332254201,2.10892683346492,-0.097603510922907
2016-01-26,2.12833779212087,2.12833547948808,2.31263279149019e-06
2016-01-27,2.09673001198098,2.03026468213575,0.0664653298452333
2016-01-28,2.08772132219747,2.03026468213575,0.0574566400617198
2016-01-29,2.07414361136034,2.03026468213575,0.043878929224594
2016-01-30,2.06158047216013,2.05175997313186,0.00982049902827331
2016-01-31,2.08945806603879,2.10805164401082,-0.0185935779720343
2016-02-01,2.22701630694792,2.30910744760297,-0.0820911406550526
2016-02-02,2.17334117973223,2.23418232425147,-0.0608411445192338
2016-02-03,2.15175416320562,2.5160010861878,-0.364246922982177
2016-02-04,2.13193752523512,2.5160010861878,-0.384063560952685
2016-02-05,2.12767009669915,2.5160010861878,-0.388330989488653
2016-02-06,2.12433077674359,2.51647262220683,-0.392141845463242
2016-02-07,2.14724518405274,2.61379590786956,-0.46655072381682
2016-02-08,2.14169445540756,2.63147832377696,-0.4897838683694
2016-02-09,2.12493455875665,2.54809356790041,-0.423159009143759
2016-02-10,2.12007358018309,2.51539392464879,-0.395320344465698
2016-02-11,2.09713252959773,2.51539392464879,-0.418261395051057
2016-02-12,2.09864736488089,2.51539392464879,-0.416746559767897
2016-02-13,2.09840447176248,2.47623935530664,-0.377834883544166
2016-02-14,2.09978832118213,2.50760952689821,-0.407821205716076
2016-02-15,2.09169753873721,2.50189021387426,-0.410192675137051
2016-02-16,2.01540949102491,2.42525648582144,-0.409846994796528
2016-02-17,2.04207924799994,2.42780753316414,-0.385728285164206
2016-02-18,2.00846463860944,2.42780753316414,-0.419342894554704
2016-02-19,1.9888030695729,2.42780753316414,-0.439004463591247
2016-02-20,1.96710284706205,2.38563684671647,-0.418533999654416
2016-02-21,1.94707757281139,2.33191691506413,-0.38483934225273
2016-02-22,1.97569521609694,2.08799440042727,-0.112299184330332
2016-02-23,1.97992702992633,2.10629852214505,-0.126371492218721
2016-02-24,1.94481134111993,1.84470974551182,0.100101595608108
2016-02-25,1.91034688008949,1.84470974551182,0.0656371345776696
2016-02-26,1.88470886694267,1.84470974551182,0.0399991214308519
2016-02-27,1.87206035619602,1.8408015069837,0.0312588492123194
2016-02-28,1.86556435353123,1.78528744528482,0.0802769082464072
2016-02-29,2.00461779115722,1.7226711516905,0.281946639466713
2016-03-01,1.9962410076987,1.64083369160215,0.355407316096549
2016-03-02,1.98594671254978,1.60115588182491,0.384790830724869
2016-03-03,1.9762109592557,1.60115588182491,0.375055077430788
2016-03-04,1.96451991889626,1.60115588182491,0.363364037071351
2016-03-05,1.95529139926657,1.62612728775225,0.329164111514323
2016-03-06,1.94551778072491,1.5801408101771,0.36537697054781
2016-03-07,1.95871354267001,1.62950214490007,0.329211397769945
2016-03-08,1.97232585120946,1.67504845462135,0.297277396588109
2016-03-09,1.94370109587908,1.69896889221464,0.244732203664434
2016-03-10,2.01337326876819,1.69896889221464,0.314404376553547
2016-03-11,2.0283963708207,1.69896889221464,0.329427478606057
2016-03-12,2.04356800834648,1.71020788880214,0.333360119544345
2016-03-13,2.0385064361617,1.73931265259413,0.299193783567563
2016-03-14,2.0618909955956,1.79716005209322,0.264730943502389
2016-03-15,1.99678911780939,1.8382397206432,0.158549397166183
2016-03-16,2.0360810381826,1.78724782981798,0.248833208364625
2016-03-17,2.05297106038779,1.78724782981798,0.265723230569814
2016-03-18,2.05749923642725,1.78724782981798,0.270251406609271
2016-03-19,2.06143098906614,1.75941385360073,0.302017135465404
2016-03-20,2.03418832016177,1.74548527250043,0.28870304766135
2016-03-21,2.02653563790955,1.79344274253931,0.233092895370238
2016-03-22,2.01873346744105,1.8655614324024,0.153172035038651
2016-03-23,2.04157970566303,1.90988257803143,0.131697127631599
2016-03-24,2.02377388719469,1.90988257803143,0.113891309163267
2016-03-25,2.01454625884071,1.90988257803143,0.104663680809284
2016-03-26,2.00539400754496,1.96897958996641,0.0364144175785559
2016-03-27,1.99546699156053,2.02201603074807,-0.0265490391875356
2016-03-28,2.00427774200216,1.99535855527387,0.00891918672829206
2016-03-29,1.98745965119451,1.99299782898911,-0.00553817779459576
2016-03-30,1.99919493729249,1.93017677293278,0.0690181643597096
2016-03-31,2.04967622598633,1.93017677293278,0.119499453053555
2016-04-01,2.0504433689639,1.93017677293278,0.12026659603112
2016-04-02,2.05343516543508,1.9273226267414,0.126112538693673
2016-04-03,2.06215993268415,1.90930936785622,0.15285056482793
2016-04-04,2.02626538276672,1.88645817990119,0.139807202865533
2016-04-05,2.03267723927274,1.80062535845634,0.232051880816401
2016-04-06,2.00579289137386,1.88730880563431,0.118484085739543
2016-04-07,2.00397812761366,1.88730880563431,0.116669321979349
2016-04-08,2.01002864236943,1.88730880563431,0.12271983673512
2016-04-09,2.01662000105716,1.97064168506619,0.045978315990971
2016-04-10,2.00740018323995,1.91057654648898,0.0968236367509754
2016-04-11,2.03233319148421,1.93626499164794,0.0960681998362749
2016-04-12,2.06716927140951,1.88061704615083,0.186552225258685
2016-04-13,2.07522686617449,1.86195037476535,0.21327649140914
2016-04-14,2.05904082534835,1.86195037476535,0.197090450582998
2016-04-15,2.07096667960286,1.86195037476535,0.209016304837512
2016-04-16,2.07385791698471,1.75224868303466,0.321609233950048
2016-04-17,2.07084004534408,1.69597279519763,0.374867250146453
2016-04-18,2.06592641584575,1.71203820016539,0.353888215680363
2016-04-19,2.03584728948772,1.6750293982915,0.360817891196217
2016-04-20,2.05844659078866,1.81308297325944,0.245363617529224
2016-04-21,2.06660923780873,1.81308297325944,0.253526264549295
2016-04-22,2.04950795229524,1.81308297325944,0.236424979035805
2016-04-23,2.02996052801609,1.79228638972812,0.237674138287968
2016-04-24,1.98620882676914,1.78036313274632,0.205845694022822
2016-04-25,1.97727537900209,1.80812078243362,0.16915459656847
2016-04-26,1.99262169050053,1.90672595952439,0.085895730976139
2016-04-27,1.99904822465032,1.97557359173912,0.0234746329112041
2016-04-28,2.00243805395439,1.97557359173912,0.0268644622152734
2016-04-29,1.98158415127546,1.97557359173912,0.00601055953633667
2016-04-30,2.07636284921318,1.91372750365934,0.162635345553841
2016-05-01,2.05251963529736,1.96278907290855,0.0897305623888054
2016-05-02,2.01053050067276,1.9400056728927,0.0705248277800616
2016-05-03,2.04193663783371,2.04311687536637,-0.00118023753265062
2016-05-04,2.04792026989162,2.08232925089044,-0.0344089809988235
2016-05-05,2.03468733513728,2.08232925089044,-0.0476419157531653
2016-05-06,2.03563191788271,2.08232925089044,-0.0466973330077325
2016-05-07,2.0304052811116,2.15403150302133,-0.123626221909731
2016-05-08,2.04489930905402,2.23247400172099,-0.187574692666976
2016-05-09,2.03797415178269,2.20838299588355,-0.170408844100862
2016-05-10,2.04452218813822,2.25150495146864,-0.206982763330423
2016-05-11,2.03432558663189,2.21876174341085,-0.184436156778955
2016-05-12,2.08089677942917,2.21876174341085,-0.137864963981682
2016-05-13,2.08048552088439,2.21876174341085,-0.138276222526454
2016-05-14,2.07800790946931,2.22793931663628,-0.149931407166976
2016-05-15,2.05574970366433,2.23232647071994,-0.176576767055608
2016-05-16,2.0620403601788,2.2319521531079,-0.169911792929098
2016-05-17,2.07344086142257,2.17159454694777,-0.0981536855252032
2016-05-18,2.07286121230572,2.03637857737198,0.0364826349337477
2016-05-19,2.04366864450276,2.03637857737198,0.00729006713078206
2016-05-20,2.03879663161933,2.03637857737198,0.0024180542473573
2016-05-21,2.03187647974119,1.96284416362653,0.0690323161146533
2016-05-22,2.01613217312843,1.90112501622794,0.115007156900489
2016-05-23,1.99036874854937,1.89332046036596,0.0970482881834158
2016-05-24,1.90730922855437,1.8812026250914,0.0261066034629682
2016-05-25,1.98589019337669,1.83194696041855,0.153943232958142
2016-05-26,1.96820223238319,1.83194696041855,0.136255271964644
2016-05-27,1.96904454985633,1.83194696041855,0.137097589437787
2016-05-28,1.94827117957175,1.79313325627735,0.155137923294394
2016-05-29,1.97068044357002,1.76269688918104,0.207983554388977
2016-05-30,1.93975370423868,1.75944466752576,0.180309036712923
2016-05-31,2.04572281893343,1.94418282660285,0.101539992330577
2016-06-01,2.02300049411133,1.84491260382365,0.178087890287683
2016-06-02,2.04890433512628,1.84491260382365,0.203991731302634
2016-06-03,2.04637602949515,1.84491260382365,0.201463425671504
2016-06-04,2.04663866944611,1.84567098274049,0.200967686705616
2016-06-05,2.07055631000549,1.82441184675718,0.246144463248309
2016-06-06,2.01868527801707,1.83868315532477,0.180002122692301
2016-06-07,2.03170103300363,1.86121612563534,0.170484907368288
2016-06-08,2.03318262379616,1.94862821028522,0.0845544135109475
2016-06-09,2.05691132694483,1.94862821028522,0.108283116659611
2016-06-10,2.05231765704229,1.94862821028522,0.103689446757077
2016-06-11,2.04799357196316,2.08737903795748,-0.0393854659943198
2016-06-12,2.05941822752357,2.07691206200936,-0.0174938344857902
2016-06-13,2.06844295747578,2.09487938751387,-0.0264364300380864
2016-06-14,2.10605863854289,2.11486888544777,-0.00881024690488097
2016-06-15,2.10130389500409,2.16153755857361,-0.0602336635695115
2016-06-16,2.09083583625033,2.16153755857361,-0.0707017223232702
2016-06-17,2.09070769883692,2.16153755857361,-0.0708298597366825
2016-06-18,2.08908251300454,2.15515976015366,-0.0660772471491193
2016-06-19,2.01361073041335,2.15348557073757,-0.139874840324218
2016-06-20,2.0383416810073,2.25304947830754,-0.214707797300242
2016-06-21,1.96346666570753,2.25429332711687,-0.290826661409341
2016-06-22,1.97733758203685,2.18974772158025,-0.212410139543393
2016-06-23,1.93567849928513,2.18974772158025,-0.254069222295115
2016-06-24,1.92529983120039,2.18974772158025,-0.264447890379855
2016-06-25,1.91506572067738,2.0939568619436,-0.178891141266223
2016-06-26,1.8970331591554,2.04874841197916,-0.151715252823765
2016-06-27,1.86537571577355,2.05944068342479,-0.194064967651239
2016-06-28,1.86025229329243,2.00276525161829,-0.142512958325859
2016-06-29,1.85667068511248,1.87846969835106,-0.0217990132385832
2016-06-30,1.91518215369433,1.87846969835106,0.0367124553432721
2016-07-01,1.90405723778531,1.87846969835106,0.02558753943425
2016-07-02,1.89525734912604,1.87825091023209,0.0170064388939559
2016-07-03,1.87790676718578,2.0987025289333,-0.220795761747519
2016-07-04,1.85905942227691,2.0696164208247,-0.210556998547789
2016-07-05,1.91241613589227,2.2953881579677,-0.382972022075425
2016-07-06,1.87574034044519,2.28259987173484,-0.406859531289654
2016-07-07,1.93064888892695,2.28259987173484,-0.351950982807891
2016-07-08,1.94312156736851,2.28259987173484,-0.339478304366337
2016-07-09,1.95585442055017,2.3017268937124,-0.345872473162234
2016-07-10,1.9847557512112,2.31776648233775,-0.333010731126557
2016-07-11,2.03383415611461,2.30600768166464,-0.272173525550035
2016-07-12,2.05927325924858,2.22337384172958,-0.164100582481
2016-07-13,2.02141563314945,2.40395435851836,-0.382538725368911
2016-07-14,2.05719235911965,2.40395435851836,-0.346761999398702
2016-07-15,2.05778493266553,2.40395435851836,-0.346169425852829
2016-07-16,2.05611396580935,2.50917662551343,-0.453062659704081
2016-07-17,2.05467521119863,2.61740750234588,-0.562732291147256
2016-07-18,2.09020091220737,2.74579629309907,-0.655595380891705
2016-07-19,2.10759182507172,2.77452508725642,-0.666933262184699
2016-07-20,2.08343215053901,2.83741506934577,-0.753982918806758
2016-07-21,2.07765754265711,2.83741506934577,-0.759757526688662
2016-07-22,2.05859389528632,2.83741506934577,-0.778821174059448
2016-07-23,2.03755975188687,2.7742885134657,-0.736728761578824
2016-07-24,2.00854740384966,2.58823043935247,-0.579683035502809
2016-07-25,2.01262339809909,2.56122780814185,-0.548604410042753
2016-07-26,2.01474412251264,2.24654468624987,-0.231800563737235
2016-07-27,2.03494823118672,2.21959915622675,-0.184650925040034
2016-07-28,2.00591475423425,2.21959915622675,-0.213684401992498
2016-07-29,1.98655426315963,2.21959915622675,-0.233044893067119
2016-07-30,1.96937136119232,2.19917183442095,-0.229800473228635
2016-07-31,2.07958707027137,2.08874476206122,-0.00915769178984904
2016-08-01,2.05053664417937,2.03780690594038,0.0127297382389906
2016-08-02,2.04844476096332,1.90280629676119,0.145638464202132
2016-08-03,2.0622493410483,1.72734106946354,0.334908271584765
2016-08-04,2.10296384431422,1.72734106946354,0.375622774850682
2016-08-05,2.10969248460606,1.72734106946354,0.382351415142522
2016-08-06,2.10281482292339,1.71185202915394,0.390962793769455
2016-08-07,2.09774828329682,1.61859334761521,0.479154935681618
2016-08-08,2.10077678412199,1.51267417980762,0.588102604314373
2016-08-09,2.12520964210853,1.62418891322002,0.501020728888507
2016-08-10,2.13702119747177,1.60297500725595,0.534046190215813
2016-08-11,2.15508182672784,1.60297500725595,0.552106819471883
2016-08-12,2.16104979813099,1.60297500725595,0.558074790875034
2016-08-13,2.16557707870379,1.64253847077335,0.523038607930446
2016-08-14,2.16064353659749,1.72119320687014,0.439450329727352
2016-08-15,2.14826964959502,1.72699456219553,0.421275087399491
2016-08-16,2.15302584925666,1.88472981784971,0.268296031406959
2016-08-17,2.14312826888636,1.87620948184297,0.266918787043384
2016-08-18,2.12809553742409,1.87620948184297,0.251886055581114
2016-08-19,2.11438024742529,1.87620948184297,0.238170765582314
2016-08-20,2.09856725623831,1.87836509422376,0.22020216201455
2016-08-21,2.07289030402899,1.8976227632158,0.175267540813193
2016-08-22,2.0499474061653,1.80975041514949,0.240196991015809
2016-08-23,2.02190156606957,1.81074735955667,0.211154206512903
2016-08-24,1.99132498912513,1.90261304849891,0.0887119406262236
2016-08-25,1.95711267599836,1.90261304849891,0.0544996274994509
2016-08-26,1.93820780096576,1.90261304849891,0.0355947524668472
2016-08-27,1.91491980710998,1.81287982167669,0.102039985433292
2016-08-28,1.87103792978451,1.88537091009916,-0.0143329803146568
2016-08-29,1.84246716694906,1.79538287533991,0.0470842916091527
2016-08-30,1.82575095258653,1.68709350806666,0.138657444519873
2016-08-31,1.93538636295125,1.72627401581147,0.209112347139774
2016-09-01,1.95526443375275,1.72627401581147,0.228990417941271
2016-09-02,1.94862895039842,1.72627401581147,0.222354934586941
2016-09-03,1.9446240561083,1.81763141773313,0.12699263837517
2016-09-04,1.95058296015486,1.75692486980886,0.193658090345998
2016-09-05,1.95948738511652,1.83236370659035,0.127123678526167
2016-09-06,1.95903972815722,1.7722348386898,0.18680488946742
2016-09-07,2.0197113729082,1.8409269373906,0.178784435517607
2016-09-08,2.01851956034079,1.8409269373906,0.177592622950194
2016-09-09,2.01973790396005,1.8409269373906,0.178810966569451
2016-09-10,2.0213573416695,1.88226442443542,0.139092917234075
2016-09-11,2.00888932263479,2.20174582161165,-0.19285649897686
2016-09-12,2.00801266543567,2.27491056915245,-0.266897903716779
2016-09-13,2.01552475383505,2.28128901777478,-0.265764263939727
2016-09-14,2.01026728982106,2.32567487439918,-0.315407584578123
2016-09-15,2.03724654018879,2.32567487439918,-0.288428334210392
2016-09-16,2.04211144242436,2.32567487439918,-0.283563431974825
2016-09-17,2.04537619743496,2.5416401699994,-0.496263972564443
2016-09-18,2.07927888678387,2.52857777476025,-0.449298887976377
2016-09-19,2.04702115198597,2.58862032484186,-0.541599172855885
2016-09-20,2.06546736042947,2.72678744075342,-0.661320080323955
2016-09-21,2.05714649567381,2.73938962875976,-0.682243133085957
2016-09-22,1.9908157158643,2.73938962875976,-0.748573912895461
2016-09-23,1.9755922392942,2.73938962875976,-0.763797389465561
2016-09-24,1.96027877833694,2.72685725943079,-0.766578481093845
2016-09-25,1.95444407034665,2.70055823732948,-0.746114166982828
2016-09-26,1.98671161429957,2.61659650349746,-0.629884889197891
2016-09-27,2.00893821520731,2.61407872150164,-0.605140506294328
2016-09-28,1.9384793699719,2.52589493267299,-0.587415562701091
2016-09-29,1.94120416650549,2.52589493267299,-0.584690766167506
2016-09-30,2.05410391418263,2.52589493267299,-0.471791018490359
2016-10-01,2.05539178987965,2.51571545208739,-0.460323662207737
2016-10-02,2.10987567761913,2.20903874060049,-0.0991630629813587
2016-10-03,2.10567902680486,2.16006001874229,-0.0543809919374207
2016-10-04,2.1343433004804,2.18633850812253,-0.0519952076421362
2016-10-05,2.08781512640417,2.21553488912242,-0.127719762718253
2016-10-06,2.11497559025884,2.21553488912242,-0.100559298863583
2016-10-07,2.13337605493143,2.21553488912242,-0.0821588341909876
2016-10-08,2.15270433016121,2.12598839922049,0.0267159309407226
2016-10-09,2.15723681217059,2.35195956301069,-0.194722750840097
2016-10-10,2.23197975289077,2.32568785922756,-0.0937081063367913
2016-10-11,2.20786961261183,2.32007902485304,-0.112209412241213
2016-10-12,2.23390563949943,2.28604714279576,-0.0521415032963293
2016-10-13,2.22534658713266,2.28604714279576,-0.0607005556630926
2016-10-14,2.24278895603493,2.28604714279576,-0.0432581867608266
2016-10-15,2.25549766980112,2.17808518280425,0.0774124869968684
2016-10-16,2.24597202381119,2.30877266205647,-0.062800638245279
2016-10-17,2.23901513870806,2.51103554738701,-0.272020408678956
2016-10-18,2.25604226719588,2.44137299888695,-0.185330731691065
2016-10-19,2.2747458810918,2.51240932947934,-0.237663448387538
2016-10-20,2.31466230610386,2.51240932947934,-0.197747023375486
2016-10-21,2.31115018902346,2.51240932947934,-0.201259140455877
2016-10-22,2.30553345335647,2.44667350300916,-0.141140049652683
2016-10-23,2.25478176074103,2.50595963626253,-0.251177875521503
2016-10-24,2.24338250234723,2.58615627499727,-0.342773772650044
2016-10-25,2.23132518772036,2.61247611757992,-0.381150929859565
2016-10-26,2.23804570129141,2.51704835374829,-0.279002652456881
2016-10-27,2.23367274366319,2.51704835374829,-0.283375610085101
2016-10-28,2.22608227096498,2.51704835374829,-0.290966082783313
2016-10-29,2.2145589729771,2.55067225056807,-0.336113277590966
2016-10-30,2.20282405195758,2.30644837836802,-0.103624326410441
2016-10-31,2.3214792329818,2.31384881930268,0.00763041367912054
2016-11-01,2.35446699941531,2.24521275279147,0.109254246623839
2016-11-02,2.39331439649686,2.25123751792701,0.142076878569856
2016-11-03,2.38541803276166,2.25123751792701,0.134180514834657
2016-11-04,2.39650323800743,2.25123751792701,0.14526572008042
2016-11-05,2.40897678118199,2.29485754055907,0.114119240622922
2016-11-06,2.42926837829873,2.25185689964913,0.177411478649595
2016-11-07,2.45104935811833,2.39102411199668,0.0600252461216413
2016-11-08,2.45526574971154,2.39657329925355,0.0586924504579893
2016-11-09,2.457999617327,2.43042410821077,0.0275755091162311
2016-11-10,2.42956874752417,2.43042410821077,-0.000855360686601525
2016-11-11,2.44335924042389,2.43042410821077,0.0129351322131144
2016-11-12,2.45613085199147,2.55354566866011,-0.0974148166686324
2016-11-13,2.47694484796375,2.52830966456498,-0.0513648166012333
2016-11-14,2.51347461156547,2.61359200825295,-0.100117396687479
2016-11-15,2.54871888365597,2.44738571722959,0.101333166426379
2016-11-16,2.53915699291974,2.31581389934265,0.223343093577098
2016-11-17,2.52588059939444,2.31581389934265,0.210066700051796
2016-11-18,2.51244405610487,2.31581389934265,0.196630156762224
2016-11-19,2.4970345441252,2.34513576883802,0.151898775287178
2016-11-20,2.49438170110807,2.3631059097491,0.131275791358972
2016-11-21,2.48759814910591,2.37826489474459,0.109333254361316
2016-11-22,2.47781107295305,2.27475550917282,0.203055563780221
2016-11-23,2.44175168639049,2.27194019505113,0.169811491339363
2016-11-24,2.45687831752002,2.27194019505113,0.184938122468896
2016-11-25,2.44527833256871,2.27194019505113,0.173338137517579
2016-11-26,2.38473465573043,2.75348353494204,-0.368748879211616
2016-11-27,2.41508040716872,2.67862938614721,-0.263548978978498
2016-11-28,2.36051644943655,2.36211217387591,-0.00159572443936762
2016-11-29,2.29489358095452,2.39620817523295,-0.101314594278425
2016-11-30,2.35185649013147,2.30274018787177,0.049116302259697
2016-12-01,2.39063453441486,2.30274018787177,0.087894346543087
2016-12-02,2.3746925489977,2.30274018787177,0.0719523611259296
2016-12-03,2.36011373344809,2.3204449070011,0.0396688264469924
2016-12-04,2.34661907935515,2.38533499072192,-0.0387159113667681
2016-12-05,2.31309385620989,2.26636880407933,0.0467250521305629
2016-12-06,2.30330000375398,2.35963720470252,-0.0563372009485463
2016-12-07,2.35371370124631,2.47540888488829,-0.12169518364198
2016-12-08,2.36839288007468,2.47540888488829,-0.107016004813607
2016-12-09,2.36836656881496,2.47540888488829,-0.107042316073323
2016-12-10,2.36935412650928,2.48499142827749,-0.11563730176821
2016-12-11,2.34135365439579,2.52595983741646,-0.18460618302067
2016-12-12,2.30185963306576,2.67838759061008,-0.376527957544321
2016-12-13,2.25938238529488,2.81371764836178,-0.554335263066893
2016-12-14,2.25169413397089,2.6868626691185,-0.435168535147613
2016-12-15,2.20400670543313,2.6868626691185,-0.48285596368537
2016-12-16,2.20127129042521,2.6868626691185,-0.485591378693289
2016-12-17,2.19708953751251,2.07586728682155,0.121222250690959
2016-12-18,2.20712144020945,2.03477622123317,0.172345218976274
2016-12-19,2.21258706413209,2.01133934516371,0.201247718968386
2016-12-20,2.2182480590418,2.02277410219896,0.195473956842836
2016-12-21,2.20526478393003,1.97351618752398,0.23174859640605
2016-12-22,2.12394856614992,1.97351618752398,0.150432378625937
2016-12-23,2.07212169002742,1.97351618752398,0.0986055025034323
2016-12-24,2.06574541889131,1.76127872842393,0.304466690467385
2016-12-25,2.07446023775265,1.66177811123133,0.412682126521312
2016-12-26,1.9672827841714,1.59471378531554,0.372568998855866
2016-12-27,1.96841115597636,1.5787587254396,0.389652430536751
2016-12-28,1.96159734250978,1.5552675380679,0.406329804441878
2016-12-29,1.91664895648137,1.5552675380679,0.361381418413469
2016-12-30,1.93350641615689,1.5552675380679,0.378238878088989
