uniform_date,21_d_MA,raw_sales
1/1/2012,5670.250069,0
1/2/2012,6191.225312,0
1/3/2012,6701.564754,1977.644692
1/4/2012,6701.564754,6723.102923
1/5/2012,6701.564754,19427.78131
1/6/2012,7236.140567,16340.33538
1/7/2012,7849.127775,0
1/8/2012,7412.256645,0
1/9/2012,7556.725865,9525.148538
1/10/2012,7894.868853,3915.102
1/11/2012,7894.868853,7434.399308
1/12/2012,7894.868853,11221.70823
1/13/2012,9863.886636,10751.00038
1/14/2012,10688.71265,0
1/15/2012,10589.16009,0
1/16/2012,9791.636364,9499.001
1/17/2012,10123.67875,18831.65254
1/18/2012,10123.67875,7934.809077
1/19/2012,10123.67875,7232.115385
1/20/2012,9901.188191,9471.945769
1/21/2012,10731.34517,0
1/22/2012,10846.8705,0
1/23/2012,13076.03717,34987.93146
1/24/2012,13250.76683,16634.16854
1/25/2012,13250.76683,4954.130308
1/26/2012,13250.76683,5256.398154
1/27/2012,14697.19323,22240.47338
1/28/2012,16234.78529,0
1/29/2012,16503.90436,0
1/30/2012,17140.96774,5571.662385
1/31/2012,17033.83462,18666.35285
2/1/2012,17033.83462,9487.195615
2/2/2012,17033.83462,50832.28523
2/3/2012,17110.25726,13855.812
2/4/2012,17018.43779,0
2/5/2012,17978.17021,0
2/6/2012,18571.98617,35200.88538
2/7/2012,18198.0796,46153.48077
2/8/2012,18198.0796,12716.84808
2/9/2012,18198.0796,18552.24138
2/10/2012,18379.28585,7568.272692
2/11/2012,19102.08272,0
2/12/2012,19153.78746,0
2/13/2012,19449.20705,36345.903
2/14/2012,20132.27095,15002.60723
2/15/2012,20132.27095,22007.83715
2/16/2012,20132.27095,15808.05092
2/17/2012,19269.07015,15596.44131
2/18/2012,18848.75596,0
2/19/2012,18489.69058,0
2/20/2012,18112.52463,8791.558
2/21/2012,23752.79097,31509.89723
2/22/2012,23752.79097,10405.94915
2/23/2012,23752.79097,56081.664
2/24/2012,22253.06622,25993.33223
2/25/2012,25842.04382,0
2/26/2012,24889.09124,0
2/27/2012,25108.63767,19862.47108
2/28/2012,25844.15659,38684.821
2/29/2012,25844.15659,6336.532462
3/1/2012,25844.15659,11850.29246
3/2/2012,27267.89783,107791.467
3/3/2012,26922.14152,0
3/4/2012,26869.79896,0
3/5/2012,24343.44826,9696.947769
3/6/2012,25000.3412,78775.97838
3/7/2012,25000.3412,5074.602769
3/8/2012,25000.3412,19709.22223
3/9/2012,24803.6423,28666.04677
3/10/2012,23001.87936,0
3/11/2012,24034.08755,0
3/12/2012,23560.47335,34090.34454
3/13/2012,18309.7222,25366.07354
3/14/2012,18309.7222,9475.862231
3/15/2012,18309.7222,11190.35546
3/16/2012,20941.06431,37665.81446
3/17/2012,17943.01609,0
3/18/2012,19176.28096,0
3/19/2012,20031.15643,16367.28285
3/20/2012,20644.35275,6668.879538
3/21/2012,20644.35275,24678.07792
3/22/2012,20644.35275,3434.532538
3/23/2012,19196.73842,14489.65815
3/24/2012,18805.44637,0
3/25/2012,19462.9889,0
3/26/2012,19435.46077,56453.87292
3/27/2012,17622.45458,25502.96777
3/28/2012,17622.45458,26988.77077
3/29/2012,17622.45458,34899.70169
3/30/2012,17181.61254,39562.07385
3/31/2012,18237.35087,0
4/1/2012,17850.81168,0
4/2/2012,18780.55947,8367.351231
4/3/2012,18598.68336,18413.115
4/4/2012,18598.68336,21159.88708
4/5/2012,18598.68336,10701.20185
4/6/2012,19825.29772,5450.089
4/7/2012,18783.07888,0
4/8/2012,17557.54555,0
4/9/2012,16031.579,8533.858769
4/10/2012,14361.31872,25428.53777
4/11/2012,14361.31872,17809.57377
4/12/2012,14361.31872,19955.43569
4/13/2012,14375.74244,11257.85946
4/14/2012,14048.04602,0
4/15/2012,13928.90346,0
4/16/2012,14841.34116,78249.86646
4/17/2012,15473.79495,6983.540846
4/18/2012,15473.79495,5211.986308
4/19/2012,15473.79495,7784.449769
4/20/2012,17517.59453,9882.833385
4/21/2012,16832.87593,0
4/22/2012,20401.58965,0
4/23/2012,20040.99075,8623.649692
4/24/2012,20247.79665,12590.20169
4/25/2012,20247.79665,19042.81562
4/26/2012,20247.79665,26914.51785
4/27/2012,16428.94793,16688.30638
4/28/2012,16842.8198,0
4/29/2012,17233.32805,0
4/30/2012,17560.89964,44850.605
5/1/2012,21915.05911,13261.615
5/2/2012,21915.05911,81222.87138
5/3/2012,21915.05911,13547.87077
5/4/2012,22773.18076,14932.64108
5/5/2012,23361.00913,0
5/6/2012,23092.50591,0
5/7/2012,22640.60535,10391.86223
5/8/2012,22863.58895,14337.72569
5/9/2012,22863.58895,12151.01746
5/10/2012,22863.58895,13605.14492
5/11/2012,22457.24792,87252.89785
5/12/2012,22907.09832,0
5/13/2012,19123.98545,0
5/14/2012,18834.33141,23871.81138
5/15/2012,20047.39079,23035.45954
5/16/2012,20047.39079,14271.71992
5/17/2012,20047.39079,18884.59262
5/18/2012,19462.56737,20650.55338
5/19/2012,18889.90454,0
5/20/2012,20050.35182,0
5/21/2012,20925.03374,37630.23754
5/22/2012,16627.8465,21255.11054
5/23/2012,16627.8465,13999.86562
5/24/2012,16627.8465,8400.941462
5/25/2012,19886.74058,36487.77315
5/26/2012,19205.63966,0
5/27/2012,24827.96793,0
5/28/2012,24947.06919,0
5/29/2012,25739.53765,4161.947538
5/30/2012,25739.53765,32771.27292
5/31/2012,25739.53765,29147.56992
6/1/2012,24740.22336,10895.18615
6/2/2012,23879.48865,0
6/3/2012,24839.64196,0
6/4/2012,25745.48447,81779.85231
6/5/2012,24660.36921,10932.82015
6/6/2012,24660.36921,114176.1683
6/7/2012,24660.36921,21000.93046
6/8/2012,25245.36225,34732.10838
6/9/2012,26690.82029,0
6/10/2012,25736.50255,0
6/11/2012,25769.46346,19873.19123
6/12/2012,25876.45972,5960.516846
6/13/2012,25876.45972,31061.05138
6/14/2012,25876.45972,24497.06615
6/15/2012,22120.21976,17206.10954
6/16/2012,23251.11295,0
6/17/2012,20415.26943,0
6/18/2012,20730.34382,10394.87631
6/19/2012,21529.39582,29846.62508
6/20/2012,21529.39582,15813.78092
6/21/2012,21529.39582,29733.25985
6/22/2012,21219.82328,12796.42723
6/23/2012,21189.71573,0
6/24/2012,19453.6669,0
6/25/2012,18710.59722,15034.35785
6/26/2012,18457.55494,31027.92208
6/27/2012,18457.55494,63785.41031
6/28/2012,18457.55494,26599.56
6/29/2012,18500.87033,48930.64792
6/30/2012,17319.24476,0
7/1/2012,17111.88971,0
7/2/2012,16025.15498,14372.32538
7/3/2012,15775.89378,5425.528615
7/4/2012,15775.89378,212.7992308
7/5/2012,15775.89378,11293.28946
7/6/2012,15669.85466,12709.74285
7/7/2012,14468.65642,0
7/8/2012,11542.31287,0
7/9/2012,11327.16081,11164.55754
7/10/2012,10691.44103,8850.047769
7/11/2012,10691.44103,12129.241
7/12/2012,10691.44103,10422.81969
7/13/2012,10410.81995,8367.247538
7/14/2012,11125.60196,0
7/15/2012,14588.29417,0
7/16/2012,15420.74727,13150.12423
7/17/2012,17564.8992,9683.553231
7/18/2012,17564.8992,11786.53662
7/19/2012,17564.8992,22776.47323
7/20/2012,18295.65687,37634.39646
7/21/2012,18415.69973,0
7/22/2012,18632.20003,0
7/23/2012,19098.91337,9385.904769
7/24/2012,20056.81229,18126.65515
7/25/2012,20056.81229,61742.17608
7/26/2012,20056.81229,26085.34085
7/27/2012,20298.21865,50809.67323
7/28/2012,20360.98575,0
7/29/2012,20421.05946,0
7/30/2012,20562.87426,24149.55915
7/31/2012,19342.97665,10983.117
8/1/2012,19342.97665,15976.28485
8/2/2012,19342.97665,18715.95677
8/3/2012,20207.47781,25388.37454
8/4/2012,20095.01493,0
8/5/2012,18581.20909,0
8/6/2012,17916.21868,17439.72946
8/7/2012,17602.59652,10798.87638
8/8/2012,17602.59652,12854.00031
8/9/2012,17602.59652,25296.41308
8/10/2012,16792.61663,15957.75431
8/11/2012,17130.34121,0
8/12/2012,24610.4824,0
8/13/2012,24825.8446,24747.42523
8/14/2012,25483.3628,16128.27631
8/15/2012,25483.3628,34843.01085
8/16/2012,25483.3628,14268.97277
8/17/2012,25117.3828,45236.84869
8/18/2012,25113.11041,0
8/19/2012,25576.0277,0
8/20/2012,24811.68179,9756.839462
8/21/2012,24983.95305,16984.22315
8/22/2012,24983.95305,148892.6398
8/23/2012,24983.95305,22542.77738
8/24/2012,23591.24082,37071.96715
8/25/2012,23357.3277,0
8/26/2012,21965.19623,0
8/27/2012,22311.86187,10936.54638
8/28/2012,21522.82916,10722.95923
8/29/2012,21522.82916,21079.68446
8/30/2012,21522.82916,11714.57423
8/31/2012,21713.12103,19018.88223
9/1/2012,22064.99206,0
9/2/2012,15674.76055,0
9/3/2012,15938.49082,0
9/4/2012,18230.62417,11971.82023
9/5/2012,18230.62417,10105.90538
9/6/2012,18230.62417,20428.95469
9/7/2012,18522.86145,31216.34431
9/8/2012,23059.02837,0
9/9/2012,23424.62465,0
9/10/2012,25180.52946,13138.17954
9/11/2012,25770.73544,23236.70077
9/12/2012,25770.73544,35343.14138
9/13/2012,25770.73544,27229.06154
9/14/2012,27044.33499,77801.41354
9/15/2012,27914.52779,0
9/16/2012,28646.91026,0
9/17/2012,32411.3108,16129.37823
9/18/2012,33122.09682,91327.156
9/19/2012,33122.09682,27576.04915
9/20/2012,33122.09682,42915.65192
9/21/2012,33333.39576,29506.38831
9/22/2012,32835.37066,0
9/23/2012,31594.13063,0
9/24/2012,30807.43461,22630.88438
9/25/2012,27607.67321,27434.47692
9/26/2012,27607.67321,23119.77854
9/27/2012,27607.67321,87319.45662
9/28/2012,28973.87175,43846.46508
9/29/2012,25923.46325,0
9/30/2012,25451.46943,0
10/1/2012,23894.00039,16892.79931
10/2/2012,23311.43507,14387.17785
10/3/2012,23311.43507,13287.26062
10/4/2012,23311.43507,13250.07846
10/5/2012,23462.33186,20944.11485
10/6/2012,23426.59159,0
10/7/2012,24206.22995,0
10/8/2012,20854.17521,40405.67531
10/9/2012,20976.28373,37123.74338
10/10/2012,20976.28373,19189.08215
10/11/2012,20976.28373,15240.62523
10/12/2012,21230.40576,19154.65069
10/13/2012,21770.20786,0
10/14/2012,23775.53675,0
10/15/2012,25363.76817,25312.20423
10/16/2012,26671.99485,26799.39977
10/17/2012,26671.99485,36973.35254
10/18/2012,26671.99485,27756.02238
10/19/2012,24812.48125,46016.23954
10/20/2012,22723.26625,0
10/21/2012,21643.36119,0
10/22/2012,23252.08115,21408.35231
10/23/2012,23457.67718,23979.04592
10/24/2012,23457.67718,48920.41238
10/25/2012,23457.67718,41471.72908
10/26/2012,24255.58856,44190.29677
10/27/2012,24056.20535,0
10/28/2012,23110.68065,0
10/29/2012,23841.22741,7363.548769
10/30/2012,21939.47185,0
10/31/2012,21939.47185,0
11/1/2012,21939.47185,43826.34138
11/2/2012,22171.34252,22807.93408
11/3/2012,22186.04736,0
11/4/2012,20092.70139,0
11/5/2012,18956.65755,39490.47577
11/6/2012,17742.10779,23256.51331
11/7/2012,17742.10779,20172.10592
11/8/2012,17742.10779,40737.27638
11/9/2012,20018.1702,12223.50615
11/10/2012,21239.77061,0
11/11/2012,24229.93875,0
11/12/2012,21763.52127,25528.51569
11/13/2012,20519.38687,24240.33977
11/14/2012,20519.38687,11723.26469
11/15/2012,20519.38687,21285.10408
11/16/2012,19608.42611,22608.68169
11/17/2012,20197.75173,0
11/18/2012,21632.83033,0
11/19/2012,20047.54682,47807.42692
11/20/2012,24980.08821,21706.89954
11/21/2012,24980.08821,53132.98792
11/22/2012,24980.08821,0
11/23/2012,25100.00254,700.6226923
11/24/2012,25955.3525,0
11/25/2012,26850.01928,0
11/26/2012,26893.72052,23303.40385
11/27/2012,26491.30338,33728.37615
11/28/2012,26491.30338,45672.34877
11/29/2012,26491.30338,12568.00777
11/30/2012,25597.96595,99870.97254
12/1/2012,25719.53151,0
12/2/2012,23553.52596,0
12/3/2012,26123.98734,27659.30092
12/4/2012,27486.45229,39439.25077
12/5/2012,27486.45229,27620.80515
12/6/2012,27486.45229,22061.64146
12/7/2012,28018.20935,15458.03869
12/8/2012,27231.1349,0
12/9/2012,26781.35238,0
12/10/2012,27476.14473,31933.50785
12/11/2012,26112.64073,23867.02615
12/12/2012,26112.64073,14644.73546
12/13/2012,26112.64073,45675.12138
12/14/2012,24556.05669,24910.57685
12/15/2012,22336.53175,0
12/16/2012,21684.28732,0
12/17/2012,21069.10873,32752.31777
12/18/2012,25296.35236,19742.66862
12/19/2012,25296.35236,37680.05946
12/20/2012,25296.35236,24913.93323
12/21/2012,25933.33771,75642.55523
12/22/2012,24590.17173,0
12/23/2012,24787.04307,0
12/24/2012,22782.50863,0
12/25/2012,23040.15326,0
12/26/2012,23040.15326,16030.92331
12/27/2012,23040.15326,11130.39108
12/28/2012,22280.35709,90572.90646
12/29/2012,21691.44188,0
12/30/2012,20359.42254,0
12/31/2012,19391.20852,43252.24731
1/1/2013,15488.28949,0
1/2/2013,15488.28949,18142.98769
1/3/2013,15488.28949,10056.08623
1/4/2013,16183.11275,29488.72392
1/5/2013,16611.71208,0
1/6/2013,16873.17753,0
1/7/2013,17109.54519,19251.32431
1/8/2013,12527.16179,9278.098231
1/9/2013,12527.16179,14011.10038
1/10/2013,12527.16179,7709.514846
1/11/2013,11177.23135,6290.686385
1/12/2013,11859.99658,0
1/13/2013,12102.40838,0
1/14/2013,12403.97946,12346.47492
1/15/2013,11826.42474,7615.880308
1/16/2013,11826.42474,20676.96323
1/17/2013,11826.42474,15330.46269
1/18/2013,11435.47855,9147.478308
1/19/2013,11922.53343,0
1/20/2013,12779.4726,0
1/21/2013,13282.43315,19265.02162
1/22/2013,13556.11239,12132.21308
1/23/2013,13556.11239,22450.459
1/24/2013,13556.11239,15414.77238
1/25/2013,14199.96441,19226.02062
1/26/2013,15208.93253,0
1/27/2013,15064.79438,0
1/28/2013,14841.84959,12304.51115
1/29/2013,15287.68689,17932.68892
1/30/2013,15287.68689,29238.25023
1/31/2013,15287.68689,16646.73708
2/1/2013,16249.62932,11153.75585
2/2/2013,17599.36843,0
2/3/2013,17387.51689,0
2/4/2013,17695.75899,23787.23
2/5/2013,17415.62792,25544.46762
2/6/2013,17415.62792,18115.73938
2/7/2013,17415.62792,11368.90515
2/8/2013,17419.95773,17069.66423
2/9/2013,17612.72243,0
2/10/2013,16589.23833,0
2/11/2013,16675.43845,36357.99862
2/12/2013,18096.37485,36116.03869
2/13/2013,18096.37485,18686.02015
2/14/2013,18096.37485,20891.99738
2/15/2013,17251.65958,14248.30708
2/16/2013,17239.12325,0
2/17/2013,17019.12725,0
2/18/2013,17805.32977,12381.44838
2/19/2013,19194.72265,21357.96946
2/20/2013,19194.72265,11051.72508
2/21/2013,19194.72265,18178.44708
2/22/2013,18512.4166,36402.70262
2/23/2013,17683.733,0
2/24/2013,17951.83287,0
2/25/2013,17332.64912,8777.289385
2/26/2013,17581.19221,25321.70669
2/27/2013,17581.19221,14206.57969
2/28/2013,17581.19221,25339.11915
3/1/2013,17576.82995,41758.10692
3/2/2013,17440.49702,0
3/3/2013,17933.72399,0
3/4/2013,17593.82538,24233.94492
3/5/2013,16342.97511,21390.96846
3/6/2013,16342.97511,23449.94877
3/7/2013,16342.97511,9889.578308
3/8/2013,16196.03019,18664.72669
3/9/2013,16203.37798,0
3/10/2013,15869.89079,0
3/11/2013,15902.90818,12303.93438
3/12/2013,14523.32677,18935.43815
3/13/2013,14523.32677,19815.98892
3/14/2013,14523.32677,12138.71031
3/15/2013,13945.75842,14176.05538
3/16/2013,14432.08513,0
3/17/2013,13985.85248,0
3/18/2013,21023.47663,6166.191231
3/19/2013,21730.68506,25452.27123
3/20/2013,21730.68506,8280.768846
3/21/2013,21730.68506,25925.81285
3/22/2013,21574.36302,17244.00646
3/23/2013,21071.79532,0
3/24/2013,21195.76206,0
3/25/2013,21704.03203,13970.99962
3/26/2013,22589.14368,30032.62
3/27/2013,22589.14368,15520.73785
3/28/2013,22589.14368,134942.7458
3/29/2013,22823.41958,31231.27662
3/30/2013,22442.2773,0
3/31/2013,22760.94099,0
4/1/2013,22526.43152,9526.211846
4/2/2013,23691.8261,10005.19677
4/3/2013,23691.8261,22018.78262
4/4/2013,23691.8261,21170.27662
4/5/2013,25491.72636,29903.80862
4/6/2013,24648.70623,0
4/7/2013,25382.44633,0
4/8/2013,18332.90026,10329.09369
4/9/2013,17454.02659,18679.66608
4/10/2013,17454.02659,13943.17746
4/11/2013,17454.02659,21758.76
4/12/2013,18421.38029,37952.17169
4/13/2013,22400.31755,0
4/14/2013,22223.40621,0
4/15/2013,25117.33543,45953.84285
4/16/2013,25110.4029,15052.80062
4/17/2013,25110.4029,28558.73492
4/18/2013,25110.4029,9677.735
4/19/2013,25149.71347,15614.36754
4/20/2013,25746.11705,0
4/21/2013,25426.07937,0
4/22/2013,24982.9586,26715.34308
4/23/2013,26291.64051,80707.85108
4/24/2013,26291.64051,18875.20415
4/25/2013,26291.64051,72593.17269
4/26/2013,25047.52295,29780.62292
4/27/2013,25782.01998,0
4/28/2013,27063.3795,0
4/29/2013,28410.49873,11027.61238
4/30/2013,29078.8112,29277.29892
5/1/2013,29078.8112,8256.354154
5/2/2013,29078.8112,13884.84462
5/3/2013,28534.93432,61206.44262
5/4/2013,25308.91591,0
5/5/2013,24925.43011,0
5/6/2013,22236.26075,23846.83092
5/7/2013,21707.84251,28104.24777
5/8/2013,21707.84251,51327.50785
5/9/2013,21707.84251,33615.00738
5/10/2013,21680.50287,27489.76615
5/11/2013,21188.62391,0
5/12/2013,22482.58713,0
5/13/2013,22551.29193,17051.06931
5/14/2013,20336.42795,23383.98538
5/15/2013,20336.42795,12060.95654
5/16/2013,20336.42795,24808.70169
5/17/2013,18994.3985,20391.03738
5/18/2013,19263.6167,0
5/19/2013,17403.37709,0
5/20/2013,16932.32279,10541.808
5/21/2013,17462.99982,20536.98823
5/22/2013,17462.99982,31249.08508
5/23/2013,17462.99982,15105.67608
5/24/2013,17787.42062,21850.01346
5/25/2013,19286.45988,0
5/26/2013,20940.77241,0
5/27/2013,20422.90377,0
5/28/2013,20499.32077,32888.048
5/29/2013,20499.32077,18272.48108
5/30/2013,20499.32077,25244.73469
5/31/2013,21740.39616,36919.48869
6/1/2013,22144.5692,0
6/2/2013,21643.71292,0
6/3/2013,22012.58158,22815.77746
6/4/2013,21543.06062,50020.76
6/5/2013,21543.06062,41456.81754
6/6/2013,21543.06062,15606.57438
6/7/2013,22609.26423,21748.90869
6/8/2013,23526.1834,0
6/9/2013,25056.35787,0
6/10/2013,26002.70374,32594.763
6/11/2013,26855.93617,27718.83231
6/12/2013,26855.93617,22349.25415
6/13/2013,26855.93617,21660.18846
6/14/2013,27000.45592,13506.98715
6/15/2013,30745.90623,0
6/16/2013,29855.32527,0
6/17/2013,31340.63845,18945.618
6/18/2013,32914.4044,49180.99638
6/19/2013,32914.4044,45462.50438
6/20/2013,32914.4044,42060.57277
6/21/2013,32166.30614,52080.77269
6/22/2013,32471.33172,0
6/23/2013,32427.2469,0
6/24/2013,31298.91125,25383.78215
6/25/2013,31189.17139,116574.5309
6/26/2013,31189.17139,25631.879
6/27/2013,31189.17139,41999.44685
6/28/2013,37546.15905,49713.51915
6/29/2013,35426.11982,0
6/30/2013,34591.31626,0
7/1/2013,33851.65476,19301.63238
7/2/2013,31821.75578,33138.90223
7/3/2013,31821.75578,21565.90085
7/4/2013,31821.75578,1610.532
7/5/2013,31759.80564,11556.99415
7/6/2013,26416.19212,0
7/7/2013,25642.23707,0
7/8/2013,24554.34311,131904.3988
7/9/2013,26622.70056,11509.52985
7/10/2013,26622.70056,30628.68746
7/11/2013,26622.70056,28917.35685
7/12/2013,27155.3433,16011.02923
7/13/2013,26675.0893,0
7/14/2013,26633.81729,0
7/15/2013,27468.36925,24282.97569
7/16/2013,28111.14833,21622.62931
7/17/2013,28111.14833,11879.29315
7/18/2013,28111.14833,22668.408
7/19/2013,21359.09277,86466.64
7/20/2013,21680.85634,0
7/21/2013,21859.72585,0
7/22/2013,21216.24054,28766.28408
7/23/2013,23395.43215,24605.15808
7/24/2013,23395.43215,20832.529
7/25/2013,23395.43215,16439.87831
7/26/2013,29781.01815,22978.68392
7/27/2013,31768.2816,0
7/28/2013,32540.65914,0
7/29/2013,32383.06336,11925.56562
7/30/2013,28392.41724,17227.02085
7/31/2013,28392.41724,33807.061
8/1/2013,28392.41724,17483.11792
8/2/2013,27857.07108,54733.588
8/3/2013,27383.01961,0
8/4/2013,27075.24807,0
8/5/2013,28419.30679,137749.9269
8/6/2013,29869.69818,56934.772
8/7/2013,29869.69818,25603.84792
8/8/2013,29869.69818,19868.05238
8/9/2013,30783.05091,15555.92792
8/10/2013,31509.26051,0
8/11/2013,31019.07504,0
8/12/2013,31400.32535,19253.59477
8/13/2013,34619.09968,16181.62808
8/14/2013,34619.09968,15363.66554
8/15/2013,34619.09968,40322.76777
8/16/2013,27490.57095,48751.02323
8/17/2013,25400.13881,0
8/18/2013,24786.10832,0
8/19/2013,24353.75296,28155.14115
8/20/2013,24730.79368,30131.20669
8/21/2013,24730.79368,25096.84231
8/22/2013,24730.79368,24257.64254
8/23/2013,23647.73478,111928.7321
8/24/2013,23770.50472,0
8/25/2013,23946.55647,0
8/26/2013,22726.1771,11081.45492
8/27/2013,20581.06335,19789.40069
8/28/2013,20581.06335,14692.99854
8/29/2013,20581.06335,12185.43023
8/30/2013,22104.1087,22255.65154
8/31/2013,21877.44073,0
9/1/2013,21402.36465,0
9/2/2013,21651.12924,8.471230769
9/3/2013,16795.27427,18363.15531
9/4/2013,16795.27427,18491.96985
9/5/2013,16795.27427,18637.56515
9/6/2013,17736.18173,10634.00185
9/7/2013,17510.59527,0
9/8/2013,18227.35368,0
9/9/2013,19569.07775,55218.48554
9/10/2013,19603.1432,26103.49123
9/11/2013,19603.1432,16655.10577
9/12/2013,19603.1432,28677.99785
9/13/2013,22805.88892,25643.92477
9/14/2013,23290.49157,0
9/15/2013,23502.40677,0
9/16/2013,23502.80292,27800.65654
9/17/2013,28182.69327,15780.90285
9/18/2013,28182.69327,27429.24415
9/19/2013,28182.69327,36026.835
9/20/2013,25626.29513,22860.96823
9/21/2013,24772.12988,0
9/22/2013,25624.03055,0
9/23/2013,24953.60946,56918.799
9/24/2013,24586.67485,26974.17177
9/25/2013,24586.67485,22257.53985
9/26/2013,24586.67485,18644.60438
9/27/2013,35947.53379,93792.05346
9/28/2013,37888.79079,0
9/29/2013,37392.98832,0
9/30/2013,36728.17146,9793.257
10/1/2013,36525.64097,10925.63185
10/2/2013,36525.64097,31792.72538
10/3/2013,36525.64097,16765.13085
10/4/2013,34013.65742,19123.77885
10/5/2013,34146.07147,0
10/6/2013,34176.9947,0
10/7/2013,34299.4038,229674.3808
10/8/2013,30969.21091,50275.54646
10/9/2013,30969.21091,18619.21569
10/10/2013,30969.21091,24213.55092
10/11/2013,32139.07008,19262.15708
10/12/2013,33200.90098,0
10/13/2013,32202.78661,0
10/14/2013,33326.69375,12282.78362
10/15/2013,35253.47625,29327.06769
10/16/2013,35253.47625,22807.02169
10/17/2013,35253.47625,20819.71992
10/18/2013,23679.91255,34617.08754
10/19/2013,22079.7323,0
10/20/2013,22227.97308,0
10/21/2013,22833.40477,30580.75462
10/22/2013,23798.93782,29793.55015
10/23/2013,23798.93782,14057.00077
10/24/2013,23798.93782,36736.09623
10/25/2013,25485.13169,53361.22162
10/26/2013,24862.2898,0
10/27/2013,25954.0366,0
10/28/2013,27785.24855,24021.05677
10/29/2013,28007.98866,21841.57431
10/30/2013,28007.98866,21253.34023
10/31/2013,28007.98866,34971.60638
11/1/2013,32326.32403,36418.93662
11/2/2013,34871.04695,0
11/3/2013,35182.05135,0
11/4/2013,34805.16108,42245.15162
11/5/2013,33413.89168,18259.64638
11/6/2013,33413.89168,42206.52262
11/7/2013,33413.89168,53358.94769
11/8/2013,36902.82533,38575.008
11/9/2013,37926.29588,0
11/10/2013,38388.73915,0
11/11/2013,41963.05445,107314.2522
11/12/2013,43654.75779,75011.31908
11/13/2013,43654.75779,19583.30969
11/14/2013,43654.75779,30039.046
11/15/2013,44168.53812,28639.43469
11/16/2013,45367.21023,0
11/17/2013,44906.03663,0
11/18/2013,41912.52437,86016.72385
11/19/2013,39915.49395,40027.85877
11/20/2013,39915.49395,29470.60123
11/21/2013,39915.49395,98484.44
11/22/2013,35935.81612,66479.20354
11/23/2013,33238.40373,0
11/24/2013,34093.38577,0
11/25/2013,33678.04784,51374.63285
11/26/2013,35188.36401,39559.12769
11/27/2013,35188.36401,34011.82254
11/28/2013,35188.36401,166.5376923
11/29/2013,32098.7302,3089.313385
11/30/2013,30770.63071,0
12/1/2013,30061.8045,0
12/2/2013,25763.84497,36598.43846
12/3/2013,26188.955,27080.37592
12/4/2013,26188.955,34775.68285
12/5/2013,26188.955,22658.81038
12/6/2013,24925.07988,55476.59131
12/7/2013,23515.09745,0
12/8/2013,22908.53187,0
12/9/2013,26230.34023,31116.30769
12/10/2013,27288.06605,16428.55238
12/11/2013,27288.06605,16875.30477
12/12/2013,27288.06605,22113.00538
12/13/2013,26703.54549,74033.08169
12/14/2013,25179.54165,0
12/15/2013,23222.46859,0
12/16/2013,23151.59023,28916.54423
12/17/2013,22613.78203,14504.82438
12/18/2013,22613.78203,23233.61885
12/19/2013,22613.78203,59192.517
12/20/2013,20968.90883,21884.28746
12/21/2013,20691.82925,0
12/22/2013,19742.13678,0
12/23/2013,19155.9282,26211.95785
12/24/2013,15128.64954,0
12/25/2013,15128.64954,0
12/26/2013,15128.64954,21399.35638
12/27/2013,15310.65041,45920.15338
12/28/2013,17212.3203,0
12/29/2013,17629.15552,0
12/30/2013,15270.54902,1888.176154
12/31/2013,15379.84355,11505.06154
1/1/2014,15379.84355,0
1/2/2014,15379.84355,11696.52985
1/3/2014,16582.07157,2471.437692
1/4/2014,17515.36782,0
1/5/2014,19755.75773,0
1/6/2014,20906.01406,32150.55977
1/7/2014,19496.6482,48296.03562
1/8/2014,19496.6482,30640.45992
1/9/2014,19496.6482,17281.89385
1/10/2014,22796.33934,23826.36708
1/11/2014,24924.40579,0
1/12/2014,25674.14733,0
1/13/2014,26425.4051,47574.62523
1/14/2014,28389.0243,16583.95631
1/15/2014,28389.0243,39810.00538
1/16/2014,28389.0243,41838.52662
1/17/2014,30254.01825,20876.80615
1/18/2014,28634.96966,0
1/19/2014,28713.06433,0
1/20/2014,30715.27591,60521.14938
1/21/2014,30346.21422,49319.16546
1/22/2014,30346.21422,13322.33031
1/23/2014,30346.21422,25045.80269
1/24/2014,28644.85118,37363.44031
1/25/2014,29614.96138,0
1/26/2014,29001.47555,0
1/27/2014,27833.6344,65290.06769
1/28/2014,27823.89095,19526.78762
1/29/2014,27823.89095,32028.142
1/30/2014,27823.89095,52859.65346
1/31/2014,26093.48964,17268.42485
2/1/2014,24406.97649,0
2/2/2014,27841.92203,0
2/3/2014,27832.20993,17342.71277
2/4/2014,28113.75715,33822.06838
2/5/2014,28113.75715,28908.83408
2/6/2014,28113.75715,21086.88769
2/7/2014,24997.32764,20703.67246
2/8/2014,24868.42005,0
2/9/2014,25137.44047,0
2/10/2014,29830.93935,29773.24915
2/11/2014,31772.01741,19351.12415
2/12/2014,31772.01741,74358.67031
2/13/2014,31772.01741,24873.22615
2/14/2014,31578.71122,42366.31769
2/15/2014,30567.01705,0
2/16/2014,30715.84136,0
2/17/2014,31001.74855,9913.512538
2/18/2014,32161.45454,17236.19915
2/19/2014,32161.45454,36808.42785
2/20/2014,32161.45454,136259.5182
2/21/2014,31754.02095,51759.88885
2/22/2014,33168.71545,0
2/23/2014,30128.07279,0
2/24/2014,30863.62636,13907.81038
2/25/2014,31640.12069,15845.04123
2/26/2014,31640.12069,31553.32777
2/27/2014,31640.12069,26167.23831
2/28/2014,35421.00159,41310.75577
3/1/2014,36558.89865,0
3/2/2014,36222.83718,0
3/3/2014,30823.58765,22533.46792
3/4/2014,30262.87455,44489.15692
3/5/2014,30262.87455,20328.78938
3/6/2014,30262.87455,37943.44738
3/7/2014,30856.97303,56164.02446
3/8/2014,33083.81857,0
3/9/2014,32704.80565,0
3/10/2014,33029.31609,77096.85785
3/11/2014,33615.35091,37455.75446
3/12/2014,33615.35091,30836.87408
3/13/2014,33615.35091,40319.00731
3/14/2014,34329.63501,41796.44831
3/15/2014,32932.27695,0
3/16/2014,38519.21173,0
3/17/2014,37715.57853,24464.48346
3/18/2014,38680.75653,55414.37354
3/19/2014,38680.75653,24818.55962
3/20/2014,38680.75653,31933.53923
3/21/2014,35752.63105,51724.14385
3/22/2014,35282.48209,0
3/23/2014,35763.83806,0
3/24/2014,37122.94143,35225.74685
3/25/2014,36957.69039,19659.17923
3/26/2014,36957.69039,119604.3225
3/27/2014,36957.69039,23663.50369
3/28/2014,36264.64204,73314.49508
3/29/2014,35177.47206,0
3/30/2014,35629.19913,0
3/31/2014,35965.18804,25066.32038
4/1/2014,36140.45488,29101.56915
4/2/2014,36140.45488,39390.19954
4/3/2014,36140.45488,64469.22862
4/4/2014,36278.70362,38860.06446
4/5/2014,37091.15057,0
4/6/2014,31916.90355,0
4/7/2014,32099.68165,12149.54731
4/8/2014,30532.70825,36096.19946
4/9/2014,30532.70825,32845.402
4/10/2014,30532.70825,37903.80377
4/11/2014,32259.77624,54838.50085
4/12/2014,31759.87644,0
4/13/2014,31006.34282,0
4/14/2014,28782.09821,37682.32046
4/15/2014,28743.08501,34095.73677
4/16/2014,28743.08501,27661.933
4/17/2014,28743.08501,26911.33015
4/18/2014,30053.64699,45470.58285
4/19/2014,30075.07573,0
4/20/2014,30063.45232,0
4/21/2014,30078.62941,55754.99008
4/22/2014,28366.03731,20218.73423
4/23/2014,28366.03731,26000.48677
4/24/2014,28366.03731,24946.11292
4/25/2014,30349.85066,38166.83
4/26/2014,31649.06723,0
4/27/2014,33806.71195,0
4/28/2014,34103.77833,35437.22554
4/29/2014,35142.44424,36476.97154
4/30/2014,35142.44424,32638.863
5/1/2014,35142.44424,38173.489
5/2/2014,33432.63894,24407.05669
5/3/2014,34764.56116,0
5/4/2014,37439.06853,0
5/5/2014,37594.63766,72933.15777
5/6/2014,37539.53665,57181.81569
5/7/2014,37539.53665,66001.61985
5/8/2014,37539.53665,32189.97123
5/9/2014,37357.02165,63926.87715
5/10/2014,36641.31391,0
5/11/2014,37713.29954,0
5/12/2014,38481.86635,25373.06515
5/13/2014,39912.98068,43885.96762
5/14/2014,39912.98068,73524.42523
5/15/2014,39912.98068,27710.45685
5/16/2014,35808.51726,37187.72738
5/17/2014,33543.26765,0
5/18/2014,32634.12128,0
5/19/2014,33100.98653,32194.07454
5/20/2014,31144.90498,23759.39531
5/21/2014,31144.90498,51687.22308
5/22/2014,31144.90498,51830.33015
5/23/2014,32781.66315,49836.85746
5/24/2014,31990.00388,0
5/25/2014,29583.29367,0
5/26/2014,30374.07919,0
5/27/2014,29572.21355,16930.07277
5/28/2014,29572.21355,49846.78815
5/29/2014,29572.21355,40485.80746
5/30/2014,29425.95086,29168.81277
5/31/2014,30526.37444,0
6/1/2014,29037.20755,0
6/2/2014,28354.2934,54456.99869
6/3/2014,27649.37791,29818.79138
6/4/2014,27649.37791,30759.03615
6/5/2014,27649.37791,41762.10723
6/6/2014,29277.51417,22939.19177
6/7/2014,29572.9804,0
6/8/2014,30391.77411,0
6/9/2014,30001.46439,29595.09908
6/10/2014,31608.81574,43313.07577
6/11/2014,31608.81574,25225.873
6/12/2014,31608.81574,39695.47108
6/13/2014,35980.42112,37311.05146
6/14/2014,36868.61628,0
6/15/2014,38000.76172,0
6/16/2014,37190.66986,28930.72885
6/17/2014,37919.22255,22180.28038
6/18/2014,37919.22255,64396.12254
6/19/2014,37919.22255,33550.304
6/20/2014,39858.02797,57730.20985
6/21/2014,39642.57664,0
6/22/2014,39386.86533,0
6/23/2014,39128.33832,132137.0635
6/24/2014,37119.38672,45601.33631
6/25/2014,37119.38672,50876.38954
6/26/2014,37119.38672,27367.39823
6/27/2014,36189.56975,35885.01269
6/28/2014,36314.93707,0
6/29/2014,33741.2702,0
6/30/2014,36202.51283,64046.17992
7/1/2014,35963.41991,39484.67123
7/2/2014,35963.41991,20682.07977
7/3/2014,35963.41991,35101.64492
7/4/2014,30518.05344,1613.526923
7/5/2014,29829.39151,0
7/6/2014,29253.12121,0
7/7/2014,28986.1278,12408.59662
7/8/2014,28291.8873,24407.96115
7/9/2014,28291.8873,18664.04208
7/10/2014,28291.8873,77284.69223
7/11/2014,28314.05479,53481.71254
7/12/2014,27346.74229,0
7/13/2014,29041.39135,0
7/14/2014,28537.85935,35377.08992
7/15/2014,33264.75283,33364.34369
7/16/2014,33264.75283,40636.50954
7/17/2014,33264.75283,22623.13077
7/18/2014,34593.58364,23548.89308
7/19/2014,35898.27069,0
7/20/2014,36578.60789,0
7/21/2014,33949.82157,64440.07915
7/22/2014,31847.28129,22296.27223
7/23/2014,31847.28129,50794.68992
7/24/2014,31847.28129,26154.26869
7/25/2014,33177.65791,85606.78785
7/26/2014,41579.54406,0
7/27/2014,40555.31513,0
7/28/2014,43595.95618,36020.89785
7/29/2014,43940.36199,47591.24654
7/30/2014,43940.36199,30753.11077
7/31/2014,43940.36199,30573.18154
8/1/2014,42678.2387,16121.18908
8/2/2014,42400.82636,0
8/3/2014,45921.01841,0
8/4/2014,47530.87829,59016.859
8/5/2014,44915.97988,182659.3977
8/6/2014,44915.97988,22436.74931
8/7/2014,44915.97988,76652.98323
8/8/2014,45463.10836,29668.71938
8/9/2014,45907.23825,0
8/10/2014,45272.43133,0
8/11/2014,45585.19281,42013.11923
8/12/2014,47865.62468,17366.86846
8/13/2014,47865.62468,113345.7947
8/14/2014,47865.62468,54760.24038
8/15/2014,51749.44461,39142.05462
8/16/2014,47800.35357,0
8/17/2014,48215.23834,0
8/18/2014,46003.62628,45742.95015
8/19/2014,47869.78955,55483.09277
8/20/2014,47869.78955,19473.08023
8/21/2014,47869.78955,36130.71246
8/22/2014,45723.15285,56642.70923
8/23/2014,48819.7199,0
8/24/2014,44034.52027,0
8/25/2014,45611.8944,128029.3516
8/26/2014,46098.52564,112487.0877
8/27/2014,46098.52564,29808.93238
8/28/2014,46098.52564,37354.33838
8/29/2014,46077.01988,62829.005
8/30/2014,47729.13575,0
8/31/2014,49577.95687,0
9/1/2014,49567.68488,3869.036308
9/2/2014,50045.84414,72390.483
9/3/2014,50045.84414,28316.47838
9/4/2014,50045.84414,82788.96515
9/5/2014,47151.64637,47789.11731
9/6/2014,43223.73215,0
9/7/2014,43813.24025,0
9/8/2014,43183.56764,45360.80954
9/9/2014,41804.33457,84839.92092
9/10/2014,41804.33457,52325.20938
9/11/2014,41804.33457,35948.187
9/12/2014,45605.69064,65139.23138
9/13/2014,45774.40885,0
9/14/2014,45652.47793,0
9/15/2014,43297.46285,76601.68369
9/16/2014,42414.9402,42691.07346
9/17/2014,42414.9402,40284.03769
9/18/2014,42414.9402,26165.54062
9/19/2014,43252.72708,38321.09438
9/20/2014,41309.57601,0
9/21/2014,40055.13448,0
9/22/2014,40511.4491,71416.20938
9/23/2014,39083.38355,75388.47585
9/24/2014,39083.38355,26149.85969
9/25/2014,39083.38355,40942.15885
9/26/2014,37728.47006,32107.36869
9/27/2014,36908.69899,0
9/28/2014,37630.40335,0
9/29/2014,43061.1902,60247.63792
9/30/2014,45843.38395,50311.62115
10/1/2014,45843.38395,30034.74831
10/2/2014,45843.38395,44056.54677
10/3/2014,44925.18355,39763.60508
10/4/2014,42173.4552,0
10/5/2014,42724.92868,0
10/6/2014,45320.12776,52525.91323
10/7/2014,53429.86285,28124.37215
10/8/2014,53429.86285,53108.169
10/9/2014,53429.86285,122666.4454
10/10/2014,53871.53717,87758.53715
10/11/2014,56707.20384,0
10/12/2014,57119.32704,0
10/13/2014,58827.86615,55100.49446
10/14/2014,59900.9214,26492.37992
10/15/2014,59900.9214,35949.11923
10/16/2014,59900.9214,87056.85031
10/17/2014,58344.51958,176211.1229
10/18/2014,62676.36399,0
10/19/2014,62301.1955,0
10/20/2014,59433.85042,68095.85085
10/21/2014,59780.78307,100699.2365
10/22/2014,59780.78307,37357.86054
10/23/2014,59780.78307,74415.97246
10/24/2014,58704.37789,58830.97162
10/25/2014,61411.85495,0
10/26/2014,63257.77709,0
10/27/2014,61463.60931,24869.85015
10/28/2014,57432.53824,105097.9151
10/29/2014,57432.53824,46441.71346
10/30/2014,57432.53824,71715.92892
10/31/2014,57656.55859,93923.26354
11/1/2014,55794.28791,0
11/2/2014,58413.46253,0
11/3/2014,57903.57888,35973.60246
11/4/2014,58581.17482,74602.16462
11/5/2014,58581.17482,68749.73569
11/6/2014,58581.17482,55175.869
11/7/2014,59108.53933,104582.0908
11/8/2014,59537.0936,0
11/9/2014,60702.57991,0
11/10/2014,60107.57615,72076.52015
11/11/2014,56755.70382,67608.11892
11/12/2014,56755.70382,83898.57885
11/13/2014,56755.70382,65355.73231
11/14/2014,65616.52963,70871.33015
11/15/2014,63728.37554,0
11/16/2014,62307.44715,0
11/17/2014,59202.31167,34240.71185
11/18/2014,53316.73946,112712.9948
11/19/2014,53316.73946,67151.50869
11/20/2014,53316.73946,61143.16992
11/21/2014,54056.71263,34363.07054
11/22/2014,52602.88854,0
11/23/2014,50248.02819,0
11/24/2014,54928.72582,193423.6609
11/25/2014,54964.36438,41051.11885
11/26/2014,54964.36438,43500.93146
11/27/2014,54964.36438,0
11/28/2014,63991.22316,0
11/29/2014,60331.60615,0
11/30/2014,60765.75605,0
12/1/2014,58828.95148,85225.274
12/2/2014,61706.73073,41774.78323
12/3/2014,61706.73073,42054.52192
12/4/2014,61706.73073,148528.1286
12/5/2014,52875.36818,71504.6
12/6/2014,53328.22112,0
12/7/2014,53093.90564,0
12/8/2014,55331.03235,194641.0486
12/9/2014,57824.06712,47684.41546
12/10/2014,57824.06712,74866.01854
12/11/2014,57824.06712,26727.64269
12/12/2014,56290.18564,85498.994
12/13/2014,55660.1971,0
12/14/2014,55025.77486,0
12/15/2014,46667.04901,36497.14192
12/16/2014,42644.80295,49097.96708
12/17/2014,42670.20717,39337.32562
12/18/2014,42670.20717,39752.02069
12/19/2014,32380.35582,44299.31031
12/20/2014,31719.46352,0
12/21/2014,30153.72718,0
12/22/2014,28649.57414,57969.38
12/23/2014,24588.9613,30580.37154
12/24/2014,24588.9613,30781.32677
12/25/2014,24588.9613,0
12/26/2014,23963.19241,32.38153846
12/27/2014,22708.62805,451.4134615
12/28/2014,22022.68953,0
12/29/2014,22129.40559,11798.30523
12/30/2014,20985.32448,35940.86769
12/31/2014,20985.32448,47044.08838
1/1/2015,20985.32448,0
1/2/2015,20952.22767,13345.02754
1/3/2015,20542.82695,0
1/4/2015,21771.76116,0
1/5/2015,24921.70086,25377.71
1/6/2015,27476.80389,26805.32338
1/7/2015,27451.39967,27148.72577
1/8/2015,27451.39967,41648.28315
1/9/2015,27730.63356,23969.869
1/10/2015,28291.59395,0
1/11/2015,28410.1057,0
1/12/2015,30001.55027,57381.27523
1/13/2015,32400.01744,23305.63562
1/14/2015,32400.01744,52618.54231
1/15/2015,32400.01744,55972.00546
1/16/2015,32897.10931,45434.59692
1/17/2015,32863.60635,0
1/18/2015,34021.13775,0
1/19/2015,33938.42247,16760.07677
1/20/2015,42097.97555,45908.70208
1/21/2015,42097.97555,49149.95115
1/22/2015,42097.97555,28278.74577
1/23/2015,41479.52115,55963.94415
1/24/2015,41723.4055,0
1/25/2015,42469.91965,0
1/26/2015,43978.43255,34210.65023
1/27/2015,44234.35405,26210.00154
1/28/2015,44234.35405,47717.16838
1/29/2015,44234.35405,40178.49623
1/30/2015,45580.41345,168958.8505
1/31/2015,44514.34318,0
2/1/2015,44197.14825,0
2/2/2015,44309.30785,46391.81638
2/3/2015,42456.75742,27639.273
2/4/2015,42456.75742,65883.52462
2/5/2015,42456.75742,82777.11923
2/6/2015,42993.16261,49982.12492
2/7/2015,43230.55859,0
2/8/2015,41691.23319,0
2/9/2015,42497.38093,40678.51708
2/10/2015,34281.18958,26965.45346
2/11/2015,34281.18958,43513.64123
2/12/2015,34281.18958,30271.73546
2/13/2015,33719.72085,23045.54808
2/14/2015,34461.31855,0
2/15/2015,33079.89977,0
2/16/2015,33469.43085,43742.15785
2/17/2015,32936.65767,30428.34554
2/18/2015,32936.65767,20364.54008
2/19/2015,32936.65767,54503.12146
2/20/2015,32478.12982,22963.45031
2/21/2015,32986.81079,0
2/22/2015,32258.45424,0
2/23/2015,31442.59279,36414.94892
2/24/2015,31915.39472,40816.89385
2/25/2015,31915.39472,41336.77546
2/26/2015,31915.39472,89698.78692
2/27/2015,33086.49155,40515.15523
2/28/2015,33405.20776,0
3/1/2015,34022.11108,0
3/2/2015,31918.70479,32530.82977
3/3/2015,31181.51535,36004.32308
3/4/2015,31181.51535,30571.30554
3/5/2015,31181.51535,15774.50523
3/6/2015,31377.37867,31446.87462
3/7/2015,31077.7652,0
3/8/2015,30737.99247,0
3/9/2015,27845.92946,64551.64762
3/10/2015,29285.89045,36091.68754
3/11/2015,29285.89045,31326.43754
3/12/2015,29285.89045,17127.20962
3/13/2015,28762.89111,9864.161077
3/14/2015,28756.02935,0
3/15/2015,36443.30179,0
3/16/2015,38362.27679,39895.28954
3/17/2015,38489.5,35492.99292
3/18/2015,38489.5,35299.27538
3/19/2015,38489.5,38309.05192
3/20/2015,37177.41478,66102.15446
3/21/2015,36466.12915,0
3/22/2015,36717.33268,0
3/23/2015,38309.10606,23237.53362
3/24/2015,39138.71368,35882.39492
3/25/2015,39138.71368,167168.2235
3/26/2015,39138.71368,49873.21485
3/27/2015,39853.17688,33707.53331
3/28/2015,40177.00279,0
3/29/2015,40232.11439,0
3/30/2015,41647.37848,41236.90254
3/31/2015,39917.03872,23452.68908
4/1/2015,39917.03872,35790.13092
4/2/2015,39917.03872,45411.79815
4/3/2015,41232.90081,24605.65038
4/4/2015,41164.77514,0
4/5/2015,34851.68897,0
4/6/2015,34620.13936,52590.751
4/7/2015,34642.94495,41247.13023
4/8/2015,34642.94495,36278.56615
4/9/2015,34642.94495,63457.20608
4/10/2015,34905.16703,35355.34785
4/11/2015,35760.90194,0
4/12/2015,35455.96345,0
4/13/2015,36817.67828,46619.39085
4/14/2015,38586.43483,34671.85408
4/15/2015,38586.43483,54989.53862
4/16/2015,38586.43483,45758.75646
4/17/2015,37443.30012,34112.771
4/18/2015,37163.76357,0
4/19/2015,37727.96022,0
4/20/2015,36684.56349,45896.38708
4/21/2015,36544.3661,38658.44015
4/22/2015,36544.3661,30371.60846
4/23/2015,36544.3661,69608.42338
4/24/2015,36079.92356,56035.09369
4/25/2015,37435.46016,0
4/26/2015,36530.54519,0
4/27/2015,35577.03416,32278.12646
4/28/2015,35547.41551,36279.98085
4/29/2015,35547.41551,46303.90662
4/30/2015,35547.41551,44916.84885
5/1/2015,34413.83182,32864.14808
5/2/2015,33786.7719,0
5/3/2015,33136.89477,0
5/4/2015,31322.44088,38366.60423
5/5/2015,30423.10854,58758.69662
5/6/2015,30423.10854,38909.89577
5/7/2015,30423.10854,28815.59885
5/8/2015,31332.82104,33586.47031
5/9/2015,32443.73834,0
5/10/2015,33361.01959,0
5/11/2015,32566.94593,25753.477
5/12/2015,31811.80727,27516.06769
5/13/2015,31811.80727,18823.79177
5/14/2015,31811.80727,37366.97354
5/15/2015,29652.64773,40054.64962
5/16/2015,28058.70255,0
5/17/2015,28309.69588,0
5/18/2015,28982.44822,48443.01785
5/19/2015,30147.12446,56020.12669
5/20/2015,30147.12446,62603.28892
5/21/2015,30147.12446,30806.77069
5/22/2015,29730.02433,19445.915
5/23/2015,29224.55487,0
5/24/2015,30154.81106,0
5/25/2015,31914.98155,0
5/26/2015,30945.59941,30435.517
5/27/2015,30945.59941,43369.85415
5/28/2015,30945.59941,40769.89046
5/29/2015,32208.04892,54281.87123
5/30/2015,30595.55965,0
5/31/2015,30963.60722,0
6/1/2015,31766.58568,18341.92838
6/2/2015,32760.76415,18534.26431
6/3/2015,32760.76415,35353.72869
6/4/2015,32760.76415,68643.84931
6/5/2015,34712.21415,22829.47454
6/6/2015,34326.57625,0
6/7/2015,33360.86699,0
6/8/2015,33087.74623,70875.77446
6/9/2015,32450.31955,27367.43277
6/10/2015,32450.31955,69143.21108
6/11/2015,32450.31955,45075.08038
6/12/2015,33108.34568,37111.70162
6/13/2015,34466.01537,0
6/14/2015,34964.31721,0
6/15/2015,33277.31678,34675.76531
6/16/2015,33808.95315,23583.02831
6/17/2015,33808.95315,26209.94331
6/18/2015,33808.95315,35916.74462
6/19/2015,30662.82233,42955.28962
6/20/2015,31063.588,0
6/21/2015,28706.24593,0
6/22/2015,28290.65981,30034.54654
6/23/2015,26209.83168,42659.01031
6/24/2015,26209.83168,44208.169
6/25/2015,26209.83168,38667.14938
6/26/2015,25649.87606,32276.244
6/27/2015,26469.20353,0
6/28/2015,26781.67257,0
6/29/2015,27088.58193,14971.44977
6/30/2015,27654.08559,34488.73046
7/1/2015,27654.08559,27255.05585
7/2/2015,27654.08559,37690.43462
7/3/2015,27024.6209,136.9864615
7/4/2015,26246.79799,0
7/5/2015,25917.3356,0
7/6/2015,26318.67235,24725.78477
7/7/2015,26655.26245,38141.84708
7/8/2015,26655.26245,31762.27785
7/9/2015,26655.26245,41370.28785
7/10/2015,27822.22136,53003.85462
7/11/2015,28697.80502,0
7/12/2015,28903.33154,0
7/13/2015,28088.03312,18849.44315
7/14/2015,29572.70331,28837.69554
7/15/2015,29572.70331,38353.87585
7/16/2015,29572.70331,45798.59454
7/17/2015,29705.22128,38257.19138
7/18/2015,29422.90405,0
7/19/2015,29092.61682,0
7/20/2015,28793.22083,35707.412
7/21/2015,29093.691,50047.17846
7/22/2015,29093.691,30907.10385
7/23/2015,29093.691,23203.20892
7/24/2015,28905.02282,26518.43369
7/25/2015,28576.33073,0
7/26/2015,27238.62955,0
7/27/2015,28403.20238,27080.52731
7/28/2015,27723.07114,33125.28708
7/29/2015,27723.07114,25893.32769
7/30/2015,27723.07114,36050.25146
7/31/2015,28496.62536,58342.97846
8/1/2015,27955.33873,0
8/2/2015,28347.84162,0
8/3/2015,29005.78529,15496.95462
8/4/2015,30819.60409,22997.08992
8/5/2015,30819.60409,14583.95477
8/6/2015,30819.60409,66492.15815
8/7/2015,31685.02532,26171.78223
8/8/2015,34854.40373,0
8/9/2015,34673.90967,0
8/10/2015,34069.89427,49452.87554
8/11/2015,32849.62979,40428.93131
8/12/2015,32849.62979,37881.57838
8/13/2015,32849.62979,34894.36185
8/14/2015,32995.99411,58748.59862
8/15/2015,32895.64317,0
8/16/2015,34286.55275,0
8/17/2015,32669.89045,42458.39677
8/18/2015,32946.63191,89442.70346
8/19/2015,32946.63191,22686.08715
8/20/2015,32946.63191,25317.36238
8/21/2015,32046.75965,36659.81723
8/22/2015,32153.90459,0
8/23/2015,31399.77638,0
8/24/2015,31660.25495,18097.73608
8/25/2015,30792.23406,21213.93092
8/26/2015,30792.23406,39299.34815
8/27/2015,30792.23406,37765.31238
8/28/2015,28481.34234,31089.26523
8/29/2015,25880.32599,0
8/30/2015,25372.93248,0
8/31/2015,26836.25303,33462.83762
9/1/2015,29064.30967,42332.81462
9/2/2015,29064.30967,24481.30015
9/3/2015,29064.30967,39522.86554
9/4/2015,29184.18147,43324.53523
9/5/2015,29804.77562,0
9/6/2015,29619.13967,0
9/7/2015,32390.01495,1395.628462
9/8/2015,33149.77782,43224.64377
9/9/2015,33149.77782,13670.09477
9/10/2015,33149.77782,51319.44292
9/11/2015,33256.45693,76250.66985
9/12/2015,33103.09695,0
9/13/2015,33324.03249,0
9/14/2015,33673.97262,20227.76577
9/15/2015,34397.16046,32241.41154
9/16/2015,34397.16046,36000.74023
9/17/2015,34397.16046,87001.63446
9/18/2015,36576.98665,44589.66715
9/19/2015,36453.32762,0
9/20/2015,39699.80255,0
9/21/2015,38837.65186,35358.44331
9/22/2015,37371.80034,39607.72569
9/23/2015,37371.80034,28407.15477
9/24/2015,37371.80034,45741.03246
9/25/2015,37660.34794,56175.02692
9/26/2015,38725.58454,0
9/27/2015,38837.6875,0
9/28/2015,37221.87545,40129.46292
9/29/2015,37223.95045,41027.318
9/30/2015,37223.95045,71357.45708
10/1/2015,37223.95045,35999.68838
10/2/2015,39568.45855,50203.61577
10/3/2015,39583.60025,0
10/4/2015,40283.08957,0
10/5/2015,47567.45251,25355.03462
10/6/2015,47931.68849,51169.84654
10/7/2015,47931.68849,37992.72369
10/8/2015,47931.68849,58289.89715
10/9/2015,47326.03568,44626.53846
10/10/2015,47852.25832,0
10/11/2015,46401.60486,0
10/12/2015,48509.92029,77018.54877
10/13/2015,48646.5794,39876.782
10/14/2015,48646.5794,40836.542
10/15/2015,48646.5794,175178.5585
10/16/2015,48385.63203,62647.22008
10/17/2015,47685.76888,0
10/18/2015,48575.51636,0
10/19/2015,53280.64335,29367.47838
10/20/2015,54460.52455,50377.88946
10/21/2015,54460.52455,45580.46115
10/22/2015,54460.52455,73462.83169
10/23/2015,51595.21855,52631.94308
10/24/2015,52665.55577,0
10/25/2015,52938.14336,0
10/26/2015,44996.62808,20718.20046
10/27/2015,43315.19435,38733.81677
10/28/2015,43315.19435,53802.852
10/29/2015,43315.19435,141896.3844
10/30/2015,44166.94078,65592.11992
10/31/2015,43734.29316,0
11/1/2015,45899.39521,0
11/2/2015,44738.0658,26104.26523
11/3/2015,44943.14795,58895.85108
11/4/2015,44943.14795,45680.21385
11/5/2015,44943.14795,34063.94062
11/6/2015,45349.32639,32769.43623
11/7/2015,45724.86776,0
11/8/2015,45503.35395,0
11/9/2015,41320.68223,44502.35723
11/10/2015,42156.54425,42690.074
11/11/2015,42156.54425,84052.65915
11/12/2015,42156.54425,52826.90131
11/13/2015,43363.04067,56276.09508
11/14/2015,42407.92094,0
11/15/2015,43303.59097,0
11/16/2015,41411.81526,27935.679
11/17/2015,39567.64785,45406.89808
11/18/2015,39567.64785,49866.72192
11/19/2015,39567.64785,67573.52538
11/20/2015,38817.68843,80444.74492
11/21/2015,38495.53055,0
11/22/2015,37093.7894,0
11/23/2015,35506.84055,47542.77877
11/24/2015,34826.71707,41924.108
11/25/2015,34826.71707,61595.58138
11/26/2015,34826.71707,448.5415385
11/27/2015,36323.68319,0
11/28/2015,35086.42118,0
11/29/2015,33994.08983,0
11/30/2015,32186.94274,31176.15508
12/1/2015,30017.22755,36965.57615
12/2/2015,30017.22755,59144.79738
12/3/2015,30017.22755,24628.04108
12/4/2015,30087.94911,44190.82392
12/5/2015,31632.75288,0
12/6/2015,31231.39009,0
12/7/2015,33469.54326,54535.61546
12/8/2015,36558.27092,23421.70377
12/9/2015,36558.27092,30456.83408
12/10/2015,36558.27092,35461.91177
12/11/2015,38135.12452,41890.57508
12/12/2015,39557.23509,0
12/13/2015,38720.77843,0
12/14/2015,37334.78477,48799.44638
12/15/2015,34847.85528,69374.08277
12/16/2015,34847.85528,54463.67338
12/17/2015,34847.85528,40218.80162
12/18/2015,33780.0026,54884.31462
12/19/2015,34741.37404,0
12/20/2015,33632.00752,0
12/21/2015,33087.02991,59195.63046
12/22/2015,30729.55165,62235.38723
12/23/2015,30729.55165,44281.60577
12/24/2015,30729.55165,0
12/25/2015,28528.11394,0
12/26/2015,26769.39186,0
12/27/2015,24975.92189,0
12/28/2015,24434.57176,35560.69469
12/29/2015,22749.00448,40504.53462
12/30/2015,22749.00448,10744.24446
12/31/2015,22749.00448,25778.07877
1/1/2016,22647.71698,0
1/2/2016,22569.8829,0
1/3/2016,22481.06135,0
1/4/2016,24956.90496,9681.591538
1/5/2016,29165.75133,38122.94438
1/6/2016,29165.75133,22595.09154
1/7/2016,29165.75133,30599.42631
1/8/2016,29191.09719,24933.08062
1/9/2016,28843.26824,0
1/10/2016,29994.15007,0
1/11/2016,31484.1159,57395.82946
1/12/2016,33358.06696,60852.33554
1/13/2016,33358.06696,42703.31508
1/14/2016,33358.06696,43993.83654
1/15/2016,34221.13539,74787.96231
1/16/2016,34328.54336,0
1/17/2016,35326.54991,0
1/18/2016,37241.57308,36011.07123
1/19/2016,38460.94803,34323.88169
1/20/2016,38460.94803,31194.52931
1/21/2016,38460.94803,52253.62538
1/22/2016,37872.98339,33298.66892
1/23/2016,36756.43093,0
1/24/2016,36214.89921,0
1/25/2016,36514.64714,25017.65369
1/26/2016,34872.77477,40031.50138
1/27/2016,34872.77477,40328.90015
1/28/2016,34872.77477,64627.91492
1/29/2016,35215.17629,46600.43546
1/30/2016,37084.10795,0
1/31/2016,41610.57765,0
2/1/2016,40604.30125,46948.15015
2/2/2016,45417.22378,41012.05723
2/3/2016,45417.22378,33080.713
2/4/2016,45417.22378,49320.12662
2/5/2016,45426.75551,45613.15338
2/6/2016,46897.8276,0
2/7/2016,47348.34734,0
2/8/2016,46266.15925,42095.28277
2/9/2016,45949.50808,67533.35962
2/10/2016,45949.50808,111626.4139
2/11/2016,45949.50808,34372.86785
2/12/2016,45064.66536,118820.6002
2/13/2016,45702.29994,0
2/14/2016,45768.36655,0
2/15/2016,44509.42758,25187.02508
2/16/2016,44573.09832,66171.32092
2/17/2016,44573.09832,48334.28931
2/18/2016,44573.09832,45398.265
2/19/2016,43892.84833,40973.78777
2/20/2016,42059.03043,0
2/21/2016,37052.1143,0
2/22/2016,37223.5439,31225.17569
2/23/2016,32777.85871,52342.33315
2/24/2016,32777.85871,34254.666
2/25/2016,32777.85871,26949.74946
2/26/2016,32713.56592,46744.53338
2/27/2016,32529.12611,0
2/28/2016,31663.86353,0
2/29/2016,30463.45563,30007.76377
3/1/2016,29718.54225,34947.82615
3/2/2016,29718.54225,22657.36577
3/3/2016,29718.54225,37419.04
3/4/2016,30190.95388,39824.194
3/5/2016,29675.09776,0
3/6/2016,30437.85952,0
3/7/2016,31327.50819,24044.59177
3/8/2016,31880.36673,62893.96731
3/9/2016,31880.36673,32959.23885
3/10/2016,31880.36673,24067.93992
3/11/2016,32068.60293,27737.25015
3/12/2016,32455.70664,0
3/13/2016,33162.88345,0
3/14/2016,35226.91194,39619.56692
3/15/2016,34342.89403,43175.96677
3/16/2016,34342.89403,47808.35569
3/17/2016,34342.89403,42758.122
3/18/2016,33921.41559,56568.40438
3/19/2016,33233.81689,0
3/20/2016,33721.08322,0
3/21/2016,34512.03377,33352.57615
3/22/2016,35169.27445,41826.36138
3/23/2016,35169.27445,35223.35385
3/24/2016,35169.27445,74095.23838
3/25/2016,36103.33659,24115.87577
3/26/2016,36817.2591,0
3/27/2016,36230.99288,0
3/28/2016,36100.12985,16555.24415
3/29/2016,34894.22095,50675.86723
3/30/2016,34894.22095,41617.58677
3/31/2016,34894.22095,38122.52285
4/1/2016,36466.79568,39415.91123
4/2/2016,36362.42202,0
4/3/2016,39479.67748,0
4/4/2016,36661.65625,56217.13277
4/5/2016,38161.42363,55861.82062
4/6/2016,38161.42363,37390.856
4/7/2016,38161.42363,40432.78654
4/8/2016,39605.0993,35140.33085
4/9/2016,38338.2877,0
4/10/2016,38765.63662,0
4/11/2016,43126.22867,61296.01946
4/12/2016,43212.08636,39971.72177
4/13/2016,43212.08636,90614.58554
4/14/2016,43212.08636,24021.16862
4/15/2016,41369.48805,50765.58854
4/16/2016,40358.76087,0
4/17/2016,40676.1357,0
4/18/2016,40271.95595,42208.25031
4/19/2016,42544.52443,28165.59954
4/20/2016,42544.52443,49211.24838
4/21/2016,42544.52443,115606.8894
4/22/2016,40642.35126,40941.53623
4/23/2016,40262.41285,0
4/24/2016,38754.34945,0
4/25/2016,40330.42429,23475.57823
4/26/2016,41479.78035,37901.97608
4/27/2016,41479.78035,43030.36254
4/28/2016,41479.78035,33250.82346
4/29/2016,41006.57653,75522.12446
4/30/2016,41952.67213,0
5/1/2016,41706.2834,0
5/2/2016,38099.05139,27495.86546
5/3/2016,38553.52584,33220.50862
5/4/2016,38553.52584,63817.459
5/5/2016,38553.52584,52026.806
5/6/2016,39765.80952,71188.76154
5/7/2016,41663.15879,0
5/8/2016,41230.00271,0
5/9/2016,42282.00307,33799.78238
5/10/2016,41737.21792,44976.99069
5/11/2016,41737.21792,44833.11023
5/12/2016,41737.21792,51509.15138
5/13/2016,41895.31976,49017.19746
5/14/2016,46206.69981,0
5/15/2016,48088.01742,0
5/16/2016,47352.88702,45016.92677
5/17/2016,45198.55864,71616.41308
5/18/2016,45198.55864,35333.51215
5/19/2016,45198.55864,51944.06077
5/20/2016,43328.61417,65841.71131
5/21/2016,43540.55994,0
5/22/2016,43279.82121,0
5/23/2016,43458.79135,30305.21362
5/24/2016,42334.96025,109830.4156
5/25/2016,42334.96025,97247.02577
5/26/2016,42334.96025,38964.10431
5/27/2016,42967.25507,32908.00323
5/28/2016,42953.73512,0
5/29/2016,42899.10955,0
5/30/2016,45432.17612,572.3076923
5/31/2016,49391.72576,48743.104
6/1/2016,49391.72576,40199.98354
6/2/2016,49391.72576,54689.31308
6/3/2016,49348.90304,29047.58346
6/4/2016,45139.00245,0
6/5/2016,43588.76642,0
6/6/2016,44064.36768,56252.31923
6/7/2016,45472.70526,71376.174
6/8/2016,45472.70526,34362.85785
6/9/2016,45472.70526,96954.70515
6/10/2016,47851.72649,136199.8627
6/11/2016,48025.45736,0
6/12/2016,49281.30565,0
6/13/2016,49633.73965,29544.28669
6/14/2016,50543.37724,35023.72069
6/15/2016,50543.37724,69700.52377
6/16/2016,50543.37724,47415.173
6/17/2016,49162.52578,57933.07869
6/18/2016,47974.4343,0
6/19/2016,49766.34985,0
6/20/2016,49777.2315,42845.68485
6/21/2016,43929.40521,51830.16792
6/22/2016,43929.40521,62515.44162
6/23/2016,43929.40521,60951.79415
6/24/2016,42280.56093,45211.14369
6/25/2016,41295.55973,0
6/26/2016,40478.26794,0
6/27/2016,40122.71424,31715.651
6/28/2016,38398.84241,50264.70231
6/29/2016,38398.84241,66203.81892
6/30/2016,38398.84241,97148.06362
7/1/2016,38323.01104,32288.48785
7/2/2016,41105.26846,0
7/3/2016,39687.43297,0
7/4/2016,43044.79345,245.5921538
7/5/2016,43502.72957,17521.00708
7/6/2016,43502.72957,55177.87731
7/7/2016,43502.72957,41097.25723
7/8/2016,44255.57189,27301.20231
7/9/2016,44542.38525,0
7/10/2016,44715.21862,0
7/11/2016,43512.61048,41498.21969
7/12/2016,45693.34451,101268.7423
7/13/2016,45693.34451,37321.59546
7/14/2016,45693.34451,120609.5072
7/15/2016,49860.63468,53348.31638
7/16/2016,51477.6279,0
7/17/2016,53166.94719,0
7/18/2016,52643.81365,45093.07985
7/19/2016,53242.72684,55361.15523
7/20/2016,53242.72684,69274.93477
7/21/2016,53242.72684,75778.64215
7/22/2016,52183.80145,71038.45408
7/23/2016,48549.04634,0
7/24/2016,48133.80425,0
7/25/2016,43024.27534,74295.13285
7/26/2016,42388.15109,46253.73277
7/27/2016,42388.15109,85195.78169
7/28/2016,42388.15109,31801.57646
7/29/2016,43817.09376,37943.429
7/30/2016,42016.29045,0
7/31/2016,40646.67894,0
8/1/2016,39185.64795,22681.93015
8/2/2016,36498.46108,36681.93992
8/3/2016,36498.46108,29943.063
8/4/2016,36498.46108,29817.10885
8/5/2016,33855.73467,42044.87792
8/6/2016,32380.00351,0
8/7/2016,30475.41515,0
8/8/2016,32370.07305,70484.29192
8/9/2016,32280.01084,23362.26538
8/10/2016,32280.01084,44937.99192
8/11/2016,32280.01084,49817.24531
8/12/2016,34445.36549,23289.21054
8/13/2016,35941.54077,0
8/14/2016,36294.12714,0
8/15/2016,39111.64415,27335.91738
8/16/2016,38378.06834,20031.12515
8/17/2016,38378.06834,51352.71154
8/18/2016,38378.06834,65468.19008
8/19/2016,36369.1462,36343.09269
8/20/2016,36579.58871,0
8/21/2016,35120.4189,0
8/22/2016,42148.16115,61158.61677
8/23/2016,45690.03302,63267.82377
8/24/2016,45690.03302,36208.25138
8/25/2016,45690.03302,79882.21877
8/26/2016,44160.58186,29009.80015
8/27/2016,45296.95624,0
8/28/2016,43865.05822,0
8/29/2016,42975.39984,34787.29085
8/30/2016,43408.63536,27101.66692
8/31/2016,43408.63536,19009.66677
9/1/2016,43408.63536,174694.8191
9/2/2016,43549.57599,86225.54923
9/3/2016,42083.28094,0
9/4/2016,43483.37162,0
9/5/2016,43608.94484,158.7469231
9/6/2016,44758.50007,40223.62362
9/7/2016,44758.50007,25908.98515
9/8/2016,44758.50007,49659.64508
9/9/2016,46080.38511,44041.35462
9/10/2016,51553.04045,0
9/11/2016,52826.07129,0
9/12/2016,45119.18635,63663.02338
9/13/2016,43838.82555,37212.88854
9/14/2016,43838.82555,61086.78577
9/15/2016,43838.82555,82113.55831
9/16/2016,47719.44808,49436.51238
9/17/2016,47580.66095,0
9/18/2016,48493.35327,0
9/19/2016,49913.92695,58276.17115
9/20/2016,50615.65875,124346.5425
9/21/2016,50615.65875,41630.44569
9/22/2016,50615.65875,37749.40208
9/23/2016,50831.13277,63474.52277
9/24/2016,51840.37774,0
9/25/2016,49973.89737,0
9/26/2016,49727.358,69114.42408
9/27/2016,48356.91919,37757.483
9/28/2016,48356.91919,42126.82585
9/29/2016,48356.91919,74902.14654
9/30/2016,47412.98715,56510.58877
10/1/2016,42701.94964,0
10/2/2016,42001.44603,0
10/3/2016,42319.67783,67491.83115
10/4/2016,43604.55346,55146.39523
10/5/2016,43604.55346,27920.86546
10/6/2016,43604.55346,77732.74315
10/7/2016,42353.43252,25084.86908
10/8/2016,46805.52338,0
10/9/2016,46523.28195,0
10/10/2016,47399.49418,41503.22477
10/11/2016,46354.85103,40635.02985
10/12/2016,46354.85103,29183.03531
10/13/2016,46354.85103,43404.13646
10/14/2016,44175.33973,86305.77446
10/15/2016,45519.4187,0
10/16/2016,49542.52395,0
10/17/2016,49088.72694,46882.96715
10/18/2016,51260.38319,116867.7131
10/19/2016,51260.38319,37111.61269
10/20/2016,51260.38319,90471.76392
10/21/2016,50139.93677,37948.08338
10/22/2016,50911.75211,0
10/23/2016,53177.66514,0
10/24/2016,53886.34241,28763.592
10/25/2016,51914.63002,79029.64454
10/26/2016,51914.63002,99408.35123
10/27/2016,51914.63002,69669.11915
10/28/2016,52234.80363,63673.53023
10/29/2016,47449.8636,0
10/30/2016,47588.83017,0
10/31/2016,46309.86726,21593.75377
11/1/2016,48281.24329,54349.59477
11/2/2016,48281.24329,69446.56677
11/3/2016,48281.24329,55996.78638
11/4/2016,53007.80495,51269.962
11/5/2016,51893.41911,0
11/6/2016,56739.54136,0
11/7/2016,55780.57207,52572.20592
11/8/2016,56149.59414,31843.00946
11/9/2016,56149.59414,39580.94177
11/10/2016,56149.59414,67745.57685
11/11/2016,58781.73223,72977.91908
11/12/2016,58406.92163,0
11/13/2016,59724.47336,0
11/14/2016,56916.15806,112750.9568
11/15/2016,54350.79106,59227.86538
11/16/2016,54371.30793,185520.216
11/17/2016,54371.30793,52628.97246
11/18/2016,54641.49285,70230.76846
11/19/2016,56316.1832,0
11/20/2016,56940.11466,0
11/21/2016,55223.37997,68364.823
11/22/2016,53573.71022,47689.49869
11/23/2016,53573.71022,92858.44754
11/24/2016,53573.71022,6095.183769
11/25/2016,58202.98336,5685.363769
11/26/2016,57089.47231,364.5688462
11/27/2016,49005.68551,0
11/28/2016,49561.06553,57373.18423
11/29/2016,47374.36898,61600.96869
11/30/2016,47374.36898,50667.72392
12/1/2016,47374.36898,37240.522
12/2/2016,47526.13869,43664.55654
12/3/2016,48652.29584,0
12/4/2016,45887.86383,0
12/5/2016,48590.19818,195009.5796
12/6/2016,50380.78145,39441.63046
12/7/2016,50360.26459,41877.54277
12/8/2016,50360.26459,62497.64815
12/9/2016,53756.21143,31374.85292
12/10/2016,55124.02575,0
12/11/2016,58396.22292,0
12/12/2016,60751.64986,71061.654
12/13/2016,58562.44007,67700.44492
12/14/2016,58562.44007,43736.61723
12/15/2016,58562.44007,54113.58654
12/16/2016,47587.87498,37502.65115
12/17/2016,46815.40751,0
12/18/2016,46618.54308,0
12/19/2016,46838.88892,117716.5472
12/20/2016,45820.15274,85905.97715
12/21/2016,45820.15274,108812.1504
12/22/2016,45820.15274,79094.647
12/23/2016,41821.01204,4763.982462
12/24/2016,38011.03029,0
12/25/2016,35549.66222,0
12/26/2016,32504.30886,0
12/27/2016,30393.77005,25715.47769
12/28/2016,30393.77005,38379.41323
12/29/2016,30393.77005,66413.02431
12/30/2016,23769.0293,13272.69462
12/31/2016,18934.49379,0
